单品编码,年月,销量(千克)
102900005115168,2020-10,0.4144848484848485
102900005115168,2020-11,0.46878571428571425
102900005115168,2020-12,0.35129411764705887
102900005115168,2021-03,0.4175405405405405
102900005115168,2021-05,0.5087518656716418
102900005115168,2021-06,0.5027903225806452
102900005115168,2021-12,0.3925535956580733
102900005115168,2022-01,0.34110843373493976
102900005115168,2023-02,0.45463636363636356
102900005115168,2023-03,0.20099999999999998
102900005115168,2023-05,0.4246190476190476
102900005115199,2020-11,0.15256410256410258
102900005115199,2021-02,0.18460000000000001
102900005115199,2021-03,0.24254285714285714
102900005115199,2021-04,0.21784615384615386
102900005115199,2021-05,0.15328205128205127
102900005115199,2022-03,0.21487096774193548
102900005115199,2022-04,0.20738518518518517
102900005115199,2023-03,0.1841077844311377
102900005115199,2023-04,0.19291866028708135
102900005115250,2020-09,0.238
102900005115250,2020-11,0.26063853503184714
102900005115250,2020-12,0.28250000000000003
102900005115250,2021-01,0.26619499341238473
102900005115250,2021-02,0.30799830436625686
102900005115250,2021-03,0.2489622641509434
102900005115250,2022-03,0.23834861278648975
102900005115250,2022-04,0.23176169749727965
102900005115250,2022-05,0.24300579710144926
102900005115250,2022-06,0.2234749642346209
102900005115250,2022-07,0.273
102900005115250,2022-09,0.22830952380952382
102900005115250,2022-10,0.576
102900005115250,2022-11,0.377
102900005115250,2022-12,0.2
102900005115250,2023-01,0.081
102900005115250,2023-02,0.186
102900005115250,2023-03,0.2356188118811881
102900005115250,2023-04,0.2076731662024141
102900005115250,2023-05,0.20363009845288327
102900005115250,2023-06,0.19871188630490955
102900005115625,2022-09,0.30736363636363634
102900005115625,2022-10,0.3743085106382979
102900005115625,2022-11,0.4632
102900005115625,2022-12,0.27208333333333334
102900005115748,2020-11,0.45
102900005115748,2020-12,0.34839285714285717
102900005115748,2021-02,0.5652546583850931
102900005115748,2021-03,0.5590620805369128
102900005115748,2021-12,0.3896
102900005115748,2022-01,0.5528888888888889
102900005115748,2022-02,0.6134867256637168
102900005115748,2022-03,0.5661541501976285
102900005115748,2023-02,0.16749999999999998
102900005115748,2023-03,0.45026666666666665
102900005115762,2020-07,0.5198069498069497
102900005115762,2020-08,0.49505739514348784
102900005115762,2020-09,0.45071661237785016
102900005115762,2021-01,0.5317741935483871
102900005115762,2021-02,0.5951090909090909
102900005115762,2021-03,0.4122222222222222
102900005115762,2021-04,0.4773300733496333
102900005115762,2021-05,0.4993103015075377
102900005115762,2021-06,0.4915407166123778
102900005115762,2021-07,0.5325912596401028
102900005115762,2021-08,0.4870769230769231
102900005115762,2021-09,0.4771437908496732
102900005115762,2021-10,0.5473010752688172
102900005115762,2021-11,0.49990909090909086
102900005115762,2022-03,0.44528103044496486
102900005115762,2022-04,0.5231732729331823
102900005115762,2022-05,0.48921815519765743
102900005115762,2022-06,0.5602758620689655
102900005115762,2022-07,0.5100971223021582
102900005115762,2022-08,0.523936170212766
102900005115762,2022-09,0.46186486486486483
102900005115762,2023-01,0.351
102900005115762,2023-02,0.6654237288135593
102900005115762,2023-03,0.4145015290519878
102900005115762,2023-04,0.4984704491725769
102900005115762,2023-05,0.4791769911504425
102900005115762,2023-06,0.5141786492374728
102900005115779,2020-07,0.37009132044426163
102900005115779,2020-08,0.3682652563059398
102900005115779,2020-09,0.38463105924596047
102900005115779,2020-10,0.37444516829533114
102900005115779,2020-11,0.37707931726907634
102900005115779,2020-12,0.40202275077559463
102900005115779,2021-01,0.3724366471734893
102900005115779,2021-02,0.41858001624695373
102900005115779,2021-03,0.409700061462815
102900005115779,2021-04,0.4125028901734104
102900005115779,2021-05,0.3968295605858855
102900005115779,2021-06,0.38039799154334036
102900005115779,2021-07,0.41095786305492854
102900005115779,2021-08,0.40007170749023785
102900005115779,2021-09,0.4045235571260306
102900005115779,2021-10,0.43812850971922246
102900005115779,2021-11,0.36471805273833674
102900005115779,2021-12,0.38609791666666665
102900005115779,2022-01,0.42188535754824064
102900005115779,2022-02,0.4274144385026738
102900005115779,2022-03,0.3963670886075949
102900005115779,2022-04,0.4194242819843342
102900005115779,2022-05,0.4413936403508772
102900005115779,2022-06,0.41926293103448276
102900005115779,2022-07,0.41099277376320176
102900005115779,2022-08,0.38905357142857144
102900005115779,2022-09,0.3577983193277311
102900005115779,2022-10,0.39203184713375794
102900005115779,2022-11,0.44356420233463034
102900005115779,2022-12,0.4445135135135135
102900005115779,2023-01,0.46314529914529917
102900005115779,2023-02,0.34165517241379306
102900005115779,2023-04,0.3593571428571428
102900005115779,2023-05,0.34678125
102900005115779,2023-06,0.3600078740157481
102900005115786,2020-07,0.44213983903420523
102900005115786,2020-08,0.4294114285714286
102900005115786,2020-09,0.4623296903460838
102900005115786,2020-10,0.49787234042553197
102900005115786,2021-01,0.371953488372093
102900005115786,2021-02,0.4382105263157895
102900005115786,2021-03,0.41383916083916084
102900005115786,2021-04,0.44756493506493505
102900005115786,2021-05,0.4619821276595744
102900005115786,2021-06,0.4575774436090225
102900005115786,2021-07,0.4343542688910697
102900005115786,2021-08,0.4365764705882353
102900005115786,2021-09,0.43278280542986425
102900005115786,2021-10,0.4469260563380282
102900005115786,2021-12,0.358875
102900005115786,2022-01,0.4084285714285714
102900005115786,2022-02,0.37523076923076926
102900005115786,2022-03,0.40647826086956523
102900005115786,2022-04,0.4440490463215259
102900005115786,2022-05,0.4699805825242719
102900005115786,2022-06,0.4841697341513293
102900005115786,2022-07,0.4713089108910891
102900005115786,2022-08,0.39316666666666666
102900005115786,2022-09,0.4886698412698413
102900005115786,2022-10,0.45545977011494254
102900005115786,2022-11,0.395625
102900005115786,2023-01,0.3245714285714286
102900005115786,2023-02,0.41750000000000004
102900005115786,2023-03,0.3917291666666667
102900005115786,2023-04,0.4183805460750853
102900005115786,2023-05,0.4230502092050209
102900005115786,2023-06,0.423255859375
102900005115793,2020-07,0.45285492227979274
102900005115793,2020-08,0.43919290465631927
102900005115793,2020-09,0.4325116279069767
102900005115793,2020-10,0.43119101123595505
102900005115793,2020-11,0.398015625
102900005115793,2020-12,0.3500344827586207
102900005115793,2021-03,0.33149411764705883
102900005115793,2021-04,0.4040625
102900005115793,2021-05,0.46662400000000004
102900005115793,2021-06,0.4438643533123029
102900005115793,2021-07,0.43826736111111114
102900005115793,2021-08,0.43210882352941177
102900005115793,2021-09,0.41167953667953666
102900005115793,2021-10,0.38235151515151516
102900005115793,2021-11,0.41257627118644064
102900005115793,2021-12,0.5315625
102900005115793,2022-03,0.32139999999999996
102900005115793,2022-04,0.3172647058823529
102900005115793,2022-05,0.45278512396694215
102900005115793,2022-06,0.4488842975206611
102900005115793,2022-07,0.43870258620689656
102900005115793,2022-08,0.3838333333333333
102900005115793,2022-09,0.49612
102900005115793,2022-10,0.43109375
102900005115793,2023-01,0.30077777777777776
102900005115793,2023-02,0.4893214285714286
102900005115816,2020-07,0.325
102900005115816,2021-07,0.5019629629629629
102900005115823,2020-07,0.41686588921282797
102900005115823,2020-08,0.4317939032471836
102900005115823,2020-09,0.44137671232876713
102900005115823,2020-10,0.43222222222222223
102900005115823,2020-11,0.449896449704142
102900005115823,2020-12,0.521580204778157
102900005115823,2021-01,0.48932887189292545
102900005115823,2021-02,0.4950771144278607
102900005115823,2021-03,0.4949798742138365
102900005115823,2021-04,0.5017400497512438
102900005115823,2021-05,0.46069260700389103
102900005115823,2021-06,0.4262797619047619
102900005115823,2021-07,0.42610599721059966
102900005115823,2021-08,0.43126122448979587
102900005115823,2021-09,0.4097721021611002
102900005115823,2021-10,0.43800446428571427
102900005115823,2021-11,0.4245714285714286
102900005115823,2021-12,0.45127272727272727
102900005115823,2022-01,0.5286350877192982
102900005115823,2022-02,0.5262466367713005
102900005115823,2022-03,0.49223835616438355
102900005115823,2022-04,0.4728949771689498
102900005115823,2022-05,0.44746264367816097
102900005115823,2022-06,0.42616207951070334
102900005115823,2022-07,0.40265151515151515
102900005115823,2022-08,0.2521428571428571
102900005115823,2022-10,0.5564166666666667
102900005115823,2022-11,0.45923595505617976
102900005115823,2022-12,0.218
102900005115823,2023-01,0.5535982905982906
102900005115823,2023-02,0.4933666666666667
102900005115823,2023-03,0.4724216867469879
102900005115823,2023-04,0.5112017543859649
102900005115823,2023-05,0.490626423690205
102900005115823,2023-06,0.46375139664804466
102900005115854,2020-10,0.5360820895522388
102900005115854,2020-11,0.43076190476190473
102900005115854,2021-01,0.4720625
102900005115854,2021-02,0.42258823529411765
102900005115854,2021-03,0.4374
102900005115854,2021-04,0.5375625
102900005115854,2021-05,0.5425681818181818
102900005115854,2021-09,0.46699999999999997
102900005115854,2021-10,0.6068333333333333
102900005115854,2022-01,0.38956
102900005115854,2022-02,0.5225000000000001
102900005115854,2022-03,0.5081917808219178
102900005115854,2022-04,0.4829333333333333
102900005115854,2022-05,0.4981875
102900005115854,2022-09,0.985
102900005115854,2022-10,0.579
102900005115854,2022-11,0.695857142857143
102900005115861,2020-07,0.538
102900005115861,2020-09,0.3894055944055944
102900005115861,2020-10,0.40229121231558695
102900005115861,2020-11,0.5121692307692308
102900005115861,2020-12,0.4704188311688312
102900005115861,2021-01,0.4593511187607573
102900005115861,2021-02,0.4823020134228188
102900005115861,2021-03,1.24
102900005115861,2021-07,0.426
102900005115861,2021-10,0.4135023255813954
102900005115861,2021-11,0.49648035714285715
102900005115861,2021-12,0.5295628626692457
102900005115861,2022-01,0.5951160572337042
102900005115861,2022-02,0.516
102900005115861,2022-03,0.379
102900005115878,2020-09,0.3816556603773585
102900005115878,2020-10,0.3757836538461538
102900005115878,2020-11,0.4191197718631179
102900005115878,2020-12,0.3789817578772803
102900005115878,2021-01,0.35839194915254236
102900005115878,2021-02,0.43346214099216707
102900005115878,2021-03,0.38145249999999997
102900005115878,2021-04,0.3736666666666667
102900005115878,2021-09,0.34503468208092486
102900005115878,2021-10,0.37821144674085855
102900005115878,2021-11,0.3839541734860884
102900005115878,2021-12,0.4039696551724138
102900005115878,2022-01,0.39555441478439424
102900005115878,2022-02,0.3826477272727273
102900005115878,2022-03,0.40974418604651164
102900005115878,2022-09,0.41104926108374384
102900005115878,2022-10,0.4356195286195286
102900005115878,2022-11,0.4439549718574109
102900005115878,2022-12,0.41649206349206347
102900005115878,2023-01,0.3940810185185185
102900005115878,2023-03,0.5448706896551724
102900005115878,2023-04,0.4878631178707224
102900005115878,2023-05,0.4799777777777778
102900005115885,2020-09,0.3182857142857142
102900005115885,2020-10,0.3741505376344086
102900005115885,2020-11,0.38226027397260276
102900005115885,2020-12,0.3703529411764706
102900005115885,2021-01,0.29725862068965514
102900005115885,2021-02,0.38526256983240226
102900005115885,2021-03,0.3537924528301887
102900005115885,2021-04,0.3264039087947883
102900005115885,2021-05,0.27921428571428575
102900005115885,2021-09,0.37151470588235297
102900005115885,2021-10,0.3723161290322581
102900005115885,2021-11,0.36215151515151517
102900005115885,2022-01,0.40570370370370373
102900005115885,2022-03,0.5267234042553192
102900005115885,2022-04,0.5402608695652173
102900005115885,2022-09,0.2657857142857143
102900005115885,2023-02,0.2856551724137931
102900005115885,2023-03,0.4197282608695652
102900005115885,2023-04,0.44724827586206894
102900005115908,2020-07,0.4137035069075452
102900005115908,2020-08,0.41464607679465776
102900005115908,2020-09,0.44943456790123454
102900005115908,2020-10,0.46104999999999996
102900005115908,2020-11,0.4286101321585903
102900005115908,2020-12,0.426671568627451
102900005115908,2021-01,0.41283763837638376
102900005115908,2021-02,0.5100238095238095
102900005115908,2021-03,0.42802402402402406
102900005115908,2021-04,0.4482433862433863
102900005115908,2021-05,0.4301422018348624
102900005115908,2021-06,0.42910455311973017
102900005115908,2021-07,0.40934375
102900005115908,2021-08,0.42746985815602834
102900005115908,2021-09,0.4263037974683544
102900005115908,2021-10,0.4640472103004292
102900005115908,2021-11,0.4058465346534653
102900005115908,2021-12,0.4745865921787709
102900005115908,2022-01,0.4698083832335329
102900005115908,2022-02,0.5034954954954954
102900005115908,2022-03,0.3782727272727273
102900005115908,2022-04,0.2564
102900005115908,2022-05,0.43089285714285713
102900005115908,2022-06,0.5046111111111111
102900005115908,2022-07,0.4721280653950954
102900005115908,2022-08,0.35366666666666663
102900005115908,2022-10,0.3947142857142857
102900005115908,2022-11,0.44473469387755105
102900005115908,2023-01,0.5105294117647059
102900005115908,2023-02,0.476061797752809
102900005115908,2023-03,0.397
102900005115908,2023-04,0.4347916666666667
102900005115908,2023-05,0.44521387283236996
102900005115908,2023-06,0.43330263157894733
102900005115946,2020-07,0.39838735177865614
102900005115946,2020-08,0.37729914529914527
102900005115946,2020-09,0.38226262626262625
102900005115946,2020-10,0.33534090909090913
102900005115946,2021-01,0.29057142857142854
102900005115946,2021-04,0.23583333333333334
102900005115946,2021-05,0.3979894736842105
102900005115946,2021-06,0.3777123287671233
102900005115946,2021-07,0.4378854166666667
102900005115946,2021-08,0.4046666666666667
102900005115946,2021-09,0.4300711111111111
102900005115946,2021-10,0.38049242424242424
102900005115946,2022-04,0.44584375000000004
102900005115946,2022-05,0.43351724137931036
102900005115946,2022-06,0.45310775862068964
102900005115946,2022-07,0.4283786008230453
102900005115946,2022-08,0.40596499999999996
102900005115946,2022-09,0.44249612403100774
102900005115946,2022-10,0.35305405405405405
102900005115946,2023-04,0.3454848484848485
102900005115946,2023-05,0.40726104417670683
102900005115946,2023-06,0.39762716763005784
102900005115960,2020-07,0.8599084112149532
102900005115960,2020-08,0.8925951999999999
102900005115960,2020-09,1.1030367647058823
102900005115960,2020-10,1.1528243670886076
102900005115960,2020-11,1.328161518987342
102900005115960,2020-12,1.509292345276873
102900005115960,2021-01,1.2660387911592241
102900005115960,2021-02,1.4545809167446213
102900005115960,2021-03,1.4346806358381503
102900005115960,2021-04,1.6799605488850773
102900005115960,2021-05,1.1687427701674278
102900005115960,2021-06,1.08839029535865
102900005115960,2021-07,1.0737505470459519
102900005115960,2021-08,0.9684049429657795
102900005115960,2021-09,1.0497377777777779
102900005115960,2021-10,1.169
102900005115960,2021-11,1.5075
102900005115960,2021-12,1.09775
102900005115960,2022-11,1.9553333333333331
102900005115960,2023-01,0.8112
102900005115960,2023-02,0.9903378684807256
102900005115960,2023-03,1.1021724137931035
102900005115977,2020-11,0.2721171171171171
102900005115977,2020-12,0.2846851851851852
102900005115977,2022-03,0.13765740740740742
102900005115977,2022-11,0.2366923076923077
102900005115977,2022-12,0.15880645161290322
102900005115977,2023-02,0.13428571428571429
102900005115977,2023-03,0.139
102900005115984,2020-07,0.4140377906976744
102900005115984,2020-08,0.40421596500820123
102900005115984,2020-09,0.4043802281368821
102900005115984,2020-10,0.40244100119189513
102900005115984,2020-11,0.443103355704698
102900005115984,2020-12,0.4655869324473976
102900005115984,2021-01,0.4644745098039216
102900005115984,2021-02,0.5223231098430813
102900005115984,2021-03,0.49643710470836255
102900005115984,2021-04,0.4415687830687831
102900005115984,2021-05,0.43315841584158415
102900005115984,2021-06,0.42892938209331655
102900005115984,2021-07,0.4140682773109243
102900005115984,2021-08,0.4306013071895425
102900005115984,2021-09,0.4492798833819242
102900005115984,2021-10,0.47058055925432757
102900005115984,2021-11,0.4298314606741573
102900005115984,2021-12,0.4178395522388059
102900005115984,2022-01,0.45900914634146345
102900005115984,2022-02,0.5179956395348838
102900005115984,2022-03,0.43905135135135137
102900005115984,2022-04,0.4681
102900005115984,2022-05,0.4779875776397516
102900005115984,2022-06,0.4077804459691252
102900005115984,2022-07,0.4211015531660693
102900005115984,2022-08,0.4123446808510638
102900005115984,2022-10,0.3709230769230769
102900005115984,2022-11,0.42482894736842103
102900005115984,2022-12,0.532
102900005115984,2023-01,0.5158196721311475
102900005115984,2023-02,0.4271666666666667
102900005115984,2023-06,0.39215384615384613
102900005116219,2020-07,0.18136363636363637
102900005116219,2020-08,0.19681944444444444
102900005116219,2021-02,0.23725
102900005116219,2021-03,0.435
102900005116219,2021-05,0.23451249999999998
102900005116219,2021-06,0.24223423423423424
102900005116219,2021-07,0.21328278688524588
102900005116219,2021-08,0.2758333333333333
102900005116219,2021-09,0.188
102900005116219,2021-10,0.2533649635036496
102900005116219,2021-11,0.19694736842105262
102900005116219,2021-12,0.16972413793103447
102900005116219,2022-01,0.27403097345132743
102900005116219,2022-02,0.24153125
102900005116219,2022-03,0.22983333333333333
102900005116219,2022-04,0.20367415730337077
102900005116219,2022-05,0.20145751633986927
102900005116219,2022-06,0.24992424242424244
102900005116219,2022-07,0.26557471264367816
102900005116219,2023-01,0.192
102900005116219,2023-04,0.376
102900005116226,2020-07,0.3347372262773723
102900005116226,2020-08,0.3603181818181818
102900005116226,2020-09,0.33445714285714284
102900005116226,2020-10,0.281527950310559
102900005116226,2020-11,0.310062937062937
102900005116226,2020-12,0.3054263565891473
102900005116226,2021-01,0.3314869109947644
102900005116226,2021-02,0.35324401913875597
102900005116226,2021-03,0.37453658536585366
102900005116226,2021-04,0.370840206185567
102900005116226,2021-05,0.3518079096045198
102900005116226,2021-06,0.28460344827586204
102900005116226,2021-07,0.32536458333333335
102900005116226,2021-08,0.30233962264150943
102900005116226,2021-09,0.3614822695035461
102900005116226,2021-10,0.3338012048192771
102900005116226,2021-11,0.30021875
102900005116226,2021-12,0.282762962962963
102900005116226,2022-01,0.3854154589371981
102900005116226,2022-02,0.3482641509433962
102900005116226,2022-03,0.29998571428571424
102900005116226,2022-05,0.21821428571428572
102900005116226,2022-06,0.2683333333333333
102900005116226,2022-07,0.3109782608695652
102900005116226,2022-11,0.36166666666666664
102900005116226,2023-04,0.3672857142857143
102900005116233,2020-07,0.21375739644970415
102900005116233,2020-08,0.24231083844580775
102900005116233,2020-09,0.26010766721044043
102900005116233,2020-10,0.23335849056603775
102900005116233,2020-11,0.2621123595505618
102900005116233,2020-12,0.25249747474747475
102900005116233,2021-01,0.2800536723163842
102900005116233,2021-02,0.3240769230769231
102900005116233,2021-03,0.2512299578059072
102900005116233,2021-04,0.2246578947368421
102900005116233,2021-05,0.2488038793103448
102900005116233,2021-06,0.2290514285714286
102900005116233,2021-07,0.21767664670658682
102900005116233,2021-08,0.21988106796116508
102900005116233,2021-09,0.26293091537132984
102900005116233,2021-10,0.24701210653753028
102900005116233,2021-11,0.2292390438247012
102900005116233,2021-12,0.21047679324894517
102900005116233,2022-01,0.37197166469893744
102900005116233,2022-02,0.2878642266824085
102900005116233,2022-03,0.22414018691588786
102900005116233,2022-04,0.2052864864864865
102900005116233,2022-05,0.2233817427385892
102900005116233,2022-06,0.2344560810810811
102900005116233,2022-07,0.21561111111111111
102900005116233,2022-11,0.2963571428571429
102900005116233,2023-01,0.38884780388151174
102900005116233,2023-02,0.236
102900005116233,2023-03,0.2718333333333333
102900005116257,2020-07,0.5426232179226069
102900005116257,2020-08,0.5439640718562875
102900005116257,2020-09,0.4710120898100173
102900005116257,2020-10,0.5017371794871794
102900005116257,2020-11,0.4611693548387097
102900005116257,2020-12,0.4519430284857572
102900005116257,2021-01,0.4575815450643777
102900005116257,2021-02,0.5346569105691057
102900005116257,2021-03,0.4724239234449761
102900005116257,2021-04,0.48210505836575873
102900005116257,2021-05,0.48681024447031435
102900005116257,2021-06,0.49271778487752926
102900005116257,2021-07,0.5023815028901734
102900005116257,2021-08,0.5038657718120805
102900005116257,2021-09,0.4859763779527559
102900005116257,2021-10,0.4677629063097515
102900005116257,2021-11,0.48227405247813415
102900005116257,2021-12,0.42505725190839694
102900005116257,2022-01,0.5236728232189973
102900005116257,2022-02,0.4491690009337068
102900005116257,2022-03,0.4295678733031674
102900005116257,2022-04,0.4775892494929006
102900005116257,2022-05,0.5304689737470167
102900005116257,2022-06,0.505822990844354
102900005116257,2022-07,0.5385874587458747
102900005116257,2022-08,0.5213000000000001
102900005116257,2022-09,0.4725
102900005116257,2022-10,0.5578256227758007
102900005116257,2022-11,0.5767995283018867
102900005116257,2022-12,0.4915035799522673
102900005116257,2023-01,0.5377449470644851
102900005116257,2023-02,0.4388335901386749
102900005116257,2023-03,0.46657959183673464
102900005116257,2023-04,0.4845379746835443
102900005116257,2023-05,0.49906827880512095
102900005116257,2023-06,0.522733111849391
102900005116509,2020-07,0.6512510822510823
102900005116509,2020-08,0.614943231441048
102900005116509,2020-09,0.6093285714285714
102900005116509,2020-10,0.5697752293577981
102900005116509,2020-11,0.5150679012345679
102900005116509,2020-12,0.47379591836734697
102900005116509,2021-01,0.5231
102900005116509,2021-02,0.5338839285714286
102900005116509,2021-03,0.49808
102900005116509,2021-04,0.5184180327868853
102900005116509,2021-05,0.5697901785714286
102900005116509,2021-06,0.598682382133995
102900005116509,2021-07,0.6322943548387097
102900005116509,2021-08,0.5511262626262626
102900005116509,2021-09,0.5675869565217391
102900005116509,2021-10,0.6149615384615384
102900005116509,2021-11,0.4540227272727273
102900005116509,2021-12,0.5627560975609757
102900005116509,2022-01,0.6279677419354839
102900005116509,2022-02,0.6203802816901408
102900005116509,2022-03,0.4652985074626866
102900005116509,2022-04,0.5241489361702129
102900005116509,2022-05,0.6072757475083056
102900005116509,2022-06,0.6844148681055157
102900005116509,2022-07,0.6291144578313252
102900005116509,2022-08,0.4954912280701754
102900005116509,2022-10,0.401
102900005116509,2022-11,0.7929999999999999
102900005116509,2022-12,0.5834444444444444
102900005116509,2023-01,0.5456609195402299
102900005116509,2023-02,0.4567324840764331
102900005116509,2023-03,0.4729378531073446
102900005116509,2023-04,0.5284309392265193
102900005116509,2023-05,0.5413846153846154
102900005116509,2023-06,0.6164387755102041
102900005116530,2020-07,0.2101605619668841
102900005116530,2020-08,0.2129787894464563
102900005116530,2020-09,0.21178398195149464
102900005116530,2020-10,0.24483596345514952
102900005116530,2020-11,0.27033574297188756
102900005116530,2020-12,0.27418286124058805
102900005116530,2021-01,0.2678420107719928
102900005116530,2021-02,0.26551428571428576
102900005116530,2021-03,0.23984695759065766
102900005116530,2021-04,0.23361068111455108
102900005116530,2021-05,0.21796194029850746
102900005116530,2021-06,0.23463099146421537
102900005116530,2021-07,0.21497163120567375
102900005116530,2021-08,0.21584375
102900005116530,2021-09,0.2397950310559006
102900005116530,2021-10,0.2455771489588895
102900005116530,2021-11,0.29622691415313224
102900005116530,2021-12,0.3032671755725191
102900005116530,2022-01,0.3025054413542926
102900005116530,2022-02,0.22494391634980987
102900005116530,2022-03,0.19348230088495574
102900005116530,2022-04,0.2309677419354839
102900005116530,2022-05,0.16785714285714287
102900005116530,2022-06,0.22663440860215056
102900005116530,2022-07,0.21729469122426867
102900005116530,2022-08,0.20221331316187596
102900005116530,2022-09,0.2237080536912752
102900005116530,2022-10,0.28200936329588017
102900005116530,2022-11,0.312248569612206
102900005116530,2022-12,0.26688669201520915
102900005116530,2023-01,0.2849891067538126
102900005116530,2023-02,0.21404477611940298
102900005116530,2023-03,0.2159260869565217
102900005116547,2020-07,0.42110704225352114
102900005116547,2020-08,0.4386318131256952
102900005116547,2020-09,0.4017694267515924
102900005116547,2020-10,0.4005047393364929
102900005116547,2020-11,0.44016022099447516
102900005116547,2020-12,0.3920517448856799
102900005116547,2021-01,0.41642348284960423
102900005116547,2021-02,0.41917502365184484
102900005116547,2021-03,0.42399630314232906
102900005116547,2021-04,0.4350716783216783
102900005116547,2021-05,0.4335336426914153
102900005116547,2021-06,0.41908816120906806
102900005116547,2021-07,0.430941787941788
102900005116547,2021-08,0.441237668161435
102900005116547,2021-09,0.4027270642201835
102900005116547,2021-10,0.151
102900005116547,2022-01,0.426
102900005116547,2022-11,0.41608333333333336
102900005116547,2023-01,0.33392857142857146
102900005116547,2023-02,0.2812222222222222
102900005116639,2021-03,0.24096296296296296
102900005116639,2021-04,0.33698666666666666
102900005116639,2021-05,0.3375714285714286
102900005116639,2021-06,0.4033529411764706
102900005116639,2022-03,0.25681818181818183
102900005116639,2022-04,0.33547727272727274
102900005116639,2022-05,0.30833333333333335
102900005116639,2023-03,0.28950000000000004
102900005116639,2023-04,0.25605714285714287
102900005116639,2023-05,0.2494193548387097
102900005116639,2023-06,0.316
102900005116714,2020-07,0.4515125218404193
102900005116714,2020-08,0.4292197580645161
102900005116714,2020-09,0.4246592148309706
102900005116714,2020-10,0.46461482633488854
102900005116714,2020-11,0.5157322834645669
102900005116714,2020-12,0.4413289902280131
102900005116714,2021-01,0.4483185714285714
102900005116714,2021-02,0.4958145772594752
102900005116714,2021-03,0.42772282608695655
102900005116714,2021-04,0.46877805800756617
102900005116714,2021-05,0.44838618421052634
102900005116714,2021-06,0.4929520547945206
102900005116714,2021-07,0.4432224147891392
102900005116714,2021-08,0.5585753646677472
102900005116714,2021-09,0.4958932038834951
102900005116714,2021-10,0.3938524984948826
102900005116714,2021-11,0.45486512524084777
102900005116714,2021-12,0.4819216087252897
102900005116714,2022-01,0.5539471744471745
102900005116714,2022-02,0.48079706202393907
102900005116714,2022-03,0.49977285714285713
102900005116714,2022-04,0.472796895213454
102900005116714,2022-05,0.48162749140893474
102900005116714,2022-06,0.43481246105919
102900005116714,2022-07,0.44206155015197574
102900005116714,2022-08,0.45798422363686686
102900005116714,2022-09,0.4365628853267571
102900005116714,2022-10,0.4746360929124479
102900005116714,2022-11,0.5167720994475139
102900005116714,2022-12,0.5296591320072332
102900005116714,2023-01,0.5419307462686568
102900005116714,2023-02,0.4783475699558174
102900005116714,2023-03,0.4278818181818182
102900005116714,2023-04,0.4534933196300103
102900005116714,2023-05,0.4383402255639098
102900005116714,2023-06,0.4284223107569721
102900005116790,2020-07,0.6732857142857144
102900005116790,2020-08,0.6212245614035088
102900005116790,2020-09,0.6567043478260869
102900005116790,2020-10,0.6660561122244489
102900005116790,2020-11,0.6379516728624536
102900005116790,2020-12,0.5173913043478261
102900005116790,2021-01,0.4493478260869565
102900005116790,2021-02,0.5183179190751445
102900005116790,2021-03,0.50704
102900005116790,2021-04,0.5500314465408805
102900005116790,2021-05,0.49928368794326244
102900005116790,2021-06,0.5820575916230366
102900005116790,2021-07,0.6932554517133956
102900005116790,2021-08,0.6868498498498499
102900005116790,2021-09,0.6298053691275167
102900005116790,2021-10,0.7905862068965517
102900005116790,2021-11,0.69075
102900005116790,2021-12,0.8151428571428572
102900005116790,2022-03,0.282
102900005116790,2022-05,0.433
102900005116790,2022-06,0.934
102900005116790,2022-08,4.239
102900005116790,2022-11,0.9085000000000001
102900005116790,2022-12,0.927
102900005116790,2023-02,0.6946404494382022
102900005116790,2023-03,0.5710645161290323
102900005116790,2023-04,0.395
102900005116806,2021-06,0.377
102900005116806,2022-11,0.4268579545454545
102900005116806,2022-12,0.40668253968253965
102900005116837,2020-07,0.424
102900005116837,2020-09,0.22741052631578945
102900005116837,2020-10,0.3069531981279251
102900005116837,2020-11,0.3589487179487179
102900005116837,2020-12,0.38997880928355194
102900005116837,2021-01,0.3781904761904762
102900005116837,2021-02,0.4268590308370044
102900005116837,2021-03,0.37747216035634745
102900005116837,2021-04,0.3414028268551237
102900005116837,2021-05,0.32793798449612405
102900005116837,2021-06,0.31427272727272726
102900005116837,2021-11,0.36809148264984226
102900005116837,2021-12,0.38678030303030303
102900005116837,2022-01,0.4120031948881789
102900005116837,2022-02,0.3908556701030928
102900005116837,2022-04,0.3170266666666667
102900005116837,2022-05,0.181
102900005116837,2022-12,0.513
102900005116837,2023-02,0.518
102900005116899,2020-07,0.4646690647482014
102900005116899,2020-08,0.5631225296442688
102900005116899,2020-09,0.5919331210191082
102900005116899,2020-10,0.6566725333333333
102900005116899,2020-11,0.6376111524163569
102900005116899,2020-12,0.6956265533028123
102900005116899,2021-01,0.7161286789869952
102900005116899,2021-02,0.8183482404692083
102900005116899,2021-03,0.664148842337376
102900005116899,2021-04,0.6884990138067062
102900005116899,2021-05,0.6163716814159291
102900005116899,2021-06,0.4899138576779026
102900005116899,2021-07,0.484589219330855
102900005116899,2021-08,0.5957504911591356
102900005116899,2021-09,0.65035
102900005116899,2021-10,0.6728039867109635
102900005116899,2021-11,0.740465266558966
102900005116899,2021-12,0.7570898801597871
102900005116899,2022-01,0.8730005698005698
102900005116899,2022-02,0.753852787456446
102900005116899,2022-03,0.7154967381174278
102900005116899,2022-04,0.6971789976133651
102900005116899,2022-05,0.6069673913043478
102900005116899,2022-06,0.4439680511182108
102900005116899,2022-07,0.5668673862760216
102900005116899,2022-08,0.6390809399477806
102900005116899,2022-09,0.6863386075949367
102900005116899,2022-10,0.7377193849533223
102900005116899,2022-11,0.8522520408163266
102900005116899,2022-12,0.8917786885245902
102900005116899,2023-01,0.8970691382765531
102900005116899,2023-02,0.7628258362168396
102900005116899,2023-03,0.712249169435216
102900005116899,2023-04,0.6974880239520959
102900005116899,2023-05,0.6507816091954024
102900005116899,2023-06,0.5511205673758865
102900005116905,2021-02,0.39199999999999996
102900005116905,2021-08,0.339
102900005116905,2021-09,0.302
102900005116912,2020-07,0.19370386266094422
102900005116912,2020-08,0.20794146341463415
102900005116912,2020-09,0.19478089887640448
102900005116912,2020-10,0.1819389312977099
102900005116912,2020-12,0.21761538461538463
102900005116912,2021-01,0.2227826086956522
102900005116912,2021-02,0.2391142857142857
102900005116912,2021-03,0.2148695652173913
102900005116912,2021-04,0.2200769230769231
102900005116912,2021-05,0.1555
102900005116912,2021-06,0.21799166666666667
102900005116912,2021-07,0.20675000000000002
102900005116912,2021-08,0.20972661870503598
102900005116912,2021-09,0.20443609022556392
102900005116943,2020-07,0.14933947368421052
102900005116943,2020-08,0.14021779141104293
102900005116943,2020-09,0.15315139442231077
102900005116943,2020-10,0.13921478873239437
102900005116943,2020-11,0.16009146341463415
102900005116943,2020-12,0.15533333333333332
102900005116943,2021-01,0.2006139240506329
102900005116943,2021-02,0.20129146919431282
102900005116943,2021-03,0.1369016393442623
102900005116943,2021-04,0.14395098039215687
102900005116943,2021-05,0.13449484536082473
102900005116943,2021-06,0.14205394190871368
102900005116943,2021-07,0.14055813953488372
102900005116943,2021-08,0.13018556701030928
102900005116943,2021-09,0.15036263736263736
102900005116943,2021-10,0.13894285714285715
102900005116943,2021-11,0.13428571428571429
102900005116943,2021-12,0.15115942028985507
102900005116943,2022-01,0.1905738636363636
102900005116943,2022-02,0.15696875000000002
102900005116943,2022-03,0.10987719298245614
102900005116943,2022-06,0.03
102900005116943,2022-07,0.09787755102040817
102900005116943,2023-02,0.20375
102900005117056,2020-07,0.35445736434108527
102900005117056,2020-08,0.3807707072814521
102900005117056,2020-09,0.3734833082706767
102900005117056,2020-10,0.3682908062234795
102900005117056,2020-11,0.39986581753554507
102900005117056,2020-12,0.3701932216595248
102900005117056,2021-01,0.389040789033768
102900005117056,2021-02,0.47311820159535894
102900005117056,2022-02,0.175
102900005117209,2020-07,0.31043434343434345
102900005117209,2020-08,0.3373409090909091
102900005117209,2020-09,0.2854038461538461
102900005117209,2020-10,0.29535416666666664
102900005117209,2020-11,0.28172916666666664
102900005117209,2020-12,0.3647125
102900005117209,2021-01,0.3685
102900005117209,2021-02,0.2935384615384615
102900005117209,2021-03,0.219
102900005117209,2021-04,0.245
102900005117209,2021-05,0.24150000000000002
102900005117209,2021-06,0.22225
102900005117209,2021-07,0.22075
102900005117209,2021-08,0.2781458333333333
102900005117209,2021-09,0.24486666666666668
102900005117209,2021-10,0.22314285714285712
102900005117209,2021-12,0.167
102900005117209,2022-01,0.28185714285714286
102900005117209,2022-02,0.27408333333333335
102900005117209,2023-01,0.3174
102900005117209,2023-02,0.33625
102900005117209,2023-03,0.23333333333333336
102900005117209,2023-04,0.2778
102900005117353,2021-05,1.0
102900005117353,2021-07,1.0
102900005118572,2020-10,0.4079210526315789
102900005118572,2021-04,0.5187685950413223
102900005118572,2021-05,0.47780938416422286
102900005118572,2021-06,0.47393782383419686
102900005118572,2021-07,0.898
102900005118572,2021-10,0.34704838709677416
102900005118572,2022-02,0.4663529411764706
102900005118572,2022-11,0.44642857142857145
102900005118817,2020-07,0.39085714285714285
102900005118817,2020-08,0.3650909090909091
102900005118817,2020-09,0.38871428571428573
102900005118817,2020-10,0.3568704225352113
102900005118817,2020-11,0.358963906581741
102900005118817,2020-12,0.3477423529411765
102900005118817,2021-01,0.33632300884955757
102900005118817,2021-02,0.40106765327695565
102900005118817,2021-03,0.36432779097387175
102900005118817,2021-04,0.3801594827586207
102900005118817,2021-05,0.37150765306122446
102900005118817,2021-06,0.35669798657718116
102900005118817,2021-07,0.3704507269789984
102900005118817,2021-08,0.3753041825095057
102900005118817,2021-09,0.3558704061895552
102900005118817,2021-10,0.38620681265206813
102900005118817,2021-11,0.33030069930069933
102900005118817,2021-12,0.3536969325153374
102900005118817,2022-01,0.3872374371859296
102900005118817,2022-02,0.3844342560553633
102900005118817,2022-03,0.3786459627329193
102900005118817,2022-04,0.37563082437275985
102900005118817,2022-05,0.3639357142857143
102900005118817,2022-06,0.35770674486803516
102900005118817,2022-07,0.356145390070922
102900005118817,2022-08,0.32476470588235296
102900005118817,2022-09,0.3685769230769231
102900005118817,2022-10,0.3370151515151515
102900005118817,2022-11,0.3886883116883117
102900005118817,2022-12,0.37854081632653064
102900005118817,2023-01,0.42406260296540366
102900005118817,2023-02,0.3530241935483871
102900005118817,2023-06,0.4011764705882353
102900005118824,2020-07,0.3097542372881356
102900005118824,2020-08,0.2824466666666666
102900005118824,2020-09,0.27945652173913044
102900005118824,2020-10,0.308125
102900005118824,2020-12,0.3111333333333333
102900005118824,2021-02,0.3446315789473684
102900005118824,2021-03,0.35660416666666667
102900005118824,2021-04,0.3024391891891892
102900005118824,2021-05,0.31831330472103003
102900005118824,2021-06,0.32852620967741936
102900005118824,2021-07,0.3605925925925926
102900005118824,2021-08,0.34781308411214956
102900005118824,2021-09,0.3510111111111111
102900005118824,2021-10,0.34310227272727273
102900005118824,2021-11,0.32628571428571423
102900005118824,2022-04,0.36336842105263156
102900005118824,2022-05,0.3204736842105263
102900005118824,2022-06,0.33295
102900005118824,2022-07,0.3330222222222223
102900005118824,2022-08,0.3522608695652174
102900005118824,2022-09,0.299375
102900005118824,2023-03,0.33781460674157304
102900005118824,2023-04,0.34972850678733036
102900005118824,2023-05,0.32622
102900005118824,2023-06,0.3606463414634146
102900005118831,2020-07,1.0
102900005118831,2020-08,1.0
102900005118831,2020-09,1.0
102900005118831,2020-10,1.0
102900005118831,2020-11,1.0
102900005118831,2020-12,1.0
102900005118831,2021-01,1.0
102900005118831,2021-02,1.0
102900005118831,2021-03,1.0
102900005118831,2021-04,1.0
102900005118831,2021-05,1.0
102900005118831,2021-06,1.0
102900005118831,2021-07,1.0
102900005118831,2021-08,1.0038167938931297
102900005118831,2021-09,1.0051546391752577
102900005118831,2021-10,1.0
102900005118831,2021-12,1.0
102900005118831,2022-01,1.0
102900005118831,2022-02,1.0
102900005118831,2022-03,1.0
102900005118831,2022-04,1.0
102900005118831,2022-07,1.0
102900005118831,2022-08,1.0
102900005118831,2022-09,1.0
102900005118831,2022-10,1.0
102900005118831,2022-11,1.005925925925926
102900005118831,2022-12,1.0020387359836902
102900005118831,2023-01,1.0032017075773747
102900005118831,2023-02,1.0
102900005118831,2023-03,1.0
102900005118831,2023-04,1.0024509803921569
102900005118831,2023-05,1.0
102900005118831,2023-06,1.0
102900005119098,2020-09,0.222
102900005119098,2020-10,0.22759999999999997
102900005119098,2020-12,0.2797796610169492
102900005119098,2021-01,0.26012418300653595
102900005119098,2021-02,0.28852252252252253
102900005119098,2021-03,0.33799999999999997
102900005119098,2021-04,0.2947310924369748
102900005119098,2021-05,0.2427785016286645
102900005119098,2021-06,0.22667870036101082
102900005119098,2021-07,0.20580063291139242
102900005119098,2021-08,0.2021480263157895
102900005119098,2021-09,0.22414883720930232
102900005119098,2021-10,0.246
102900005119104,2021-10,1.0
102900005119104,2021-11,1.0
102900005119104,2022-03,1.0
102900005119104,2022-04,1.0
102900005119104,2022-05,1.0
102900005119104,2022-10,1.0
102900005119944,2020-07,0.22639150943396225
102900005119944,2020-08,0.22005223880597014
102900005119944,2020-09,0.2256504424778761
102900005119944,2020-10,0.2307727272727273
102900005119944,2020-12,0.24003960396039603
102900005119944,2021-01,0.24723232323232322
102900005119944,2021-02,0.28906849315068495
102900005119944,2021-03,0.25873684210526315
102900005119944,2021-04,0.2608059701492537
102900005119944,2021-05,0.2035263157894737
102900005119944,2021-06,0.21993989071038253
102900005119944,2021-07,0.23971333333333333
102900005119944,2021-08,0.22405
102900005119944,2021-09,0.21136040609137055
102900005119968,2020-09,0.20129999999999998
102900005119968,2021-01,0.18722222222222223
102900005119968,2021-02,0.21979999999999997
102900005119968,2021-04,0.418
102900005119968,2021-05,0.16733333333333333
102900005119968,2021-06,0.19497058823529412
102900005119968,2021-07,0.19373059360730593
102900005119968,2021-08,0.2167898832684825
102900005119968,2021-09,0.1860576923076923
102900005119968,2022-06,0.1
102900005119975,2020-07,0.3923890808569454
102900005119975,2020-08,0.40144979919678714
102900005119975,2020-09,0.39925878594249203
102900005119975,2020-10,0.38560000000000005
102900005119975,2021-02,0.44966666666666666
102900005119975,2021-03,0.4180970149253731
102900005119975,2021-04,0.3488993710691824
102900005119975,2021-05,0.36146999999999996
102900005119975,2021-06,0.3985628090999011
102900005119975,2021-07,0.4141741511500548
102900005119975,2021-08,0.39067814569536424
102900005119975,2021-09,0.3967132701421801
102900005119975,2021-10,0.403791086350975
102900005119975,2021-11,0.37064864864864866
102900005119975,2022-03,0.37401574803149606
102900005119975,2022-04,0.37497727272727277
102900005119975,2022-05,0.3694990512333966
102900005119975,2022-06,0.4160648078372269
102900005119975,2022-07,0.4090828258221681
102900005119975,2022-08,0.441
102900005119975,2022-09,0.37118103448275863
102900005119975,2022-10,0.42587671232876717
102900005119975,2023-02,0.24619999999999997
102900005119975,2023-03,0.395
102900005119975,2023-04,0.4300555555555555
102900005119975,2023-05,0.3483949191685912
102900005119975,2023-06,0.3910658436213992
102900005122654,2020-10,0.24413559322033898
102900005122654,2020-11,0.4732892156862745
102900005122654,2020-12,0.4753173803526448
102900005122654,2021-01,0.539660294117647
102900005122654,2021-02,0.6619778761061947
102900005122654,2021-10,0.381936
102900005122654,2021-11,0.461485401459854
102900005122654,2021-12,0.5604250585480094
102900005122654,2022-01,0.5893818181818182
102900005122654,2022-02,0.5315175879396985
102900005122654,2022-03,0.460353982300885
102900005122654,2022-10,0.43364615384615385
102900005122654,2022-11,0.5661778523489933
102900005122654,2022-12,0.5652018348623853
102900005122654,2023-01,0.6605498039215686
102900005122654,2023-02,0.5896177105831534
102900005122654,2023-03,0.5661473684210526
102900005123880,2020-07,0.35057777777777777
102900005123880,2020-08,0.3452950819672131
102900005123880,2020-09,0.35714583333333333
102900005123880,2020-10,0.30622
102900005123880,2020-11,0.28750000000000003
102900005123880,2020-12,0.28869354838709677
102900005123880,2021-01,0.3258571428571429
102900005123880,2021-02,0.33875000000000005
102900005123880,2021-03,0.2975
102900005123880,2021-05,0.16
102900005123880,2021-06,0.1855
102900005123880,2021-07,0.191
102900005123880,2021-08,0.32586842105263153
102900005123880,2021-09,0.2932608695652174
102900005123880,2021-10,0.188
102900005123880,2022-01,0.2958275862068966
102900005123880,2023-01,0.3102714285714286
102900005123880,2023-03,0.24899999999999997
102900005123880,2023-04,0.2445
102900005125808,2020-07,0.09173353293413174
102900005125808,2020-08,0.10148936170212766
102900005125808,2020-09,0.09277868852459016
102900005125808,2020-10,0.09821408450704225
102900005125808,2020-11,0.09376353790613719
102900005125808,2020-12,0.12395444191343963
102900005125808,2021-01,0.13601515151515153
102900005125808,2021-02,0.12861572052401746
102900005125808,2021-03,0.13379457364341085
102900005125808,2021-04,0.0966947723440135
102900005125808,2021-05,0.0909605077574048
102900005125808,2021-06,0.0970576230492197
102900005125808,2021-07,0.10242057142857142
102900005125808,2021-08,0.09957665094339622
102900005125808,2021-09,0.10244744744744745
102900005125808,2021-10,0.10329885057471264
102900005125808,2021-11,0.08753380782918149
102900005125808,2021-12,0.09011428571428572
102900005125808,2022-01,0.13955449330783937
102900005125808,2022-02,0.1383559870550162
102900005125808,2022-03,0.032
102900005125808,2022-05,0.0985
102900005125808,2022-06,0.08613953488372093
102900005125808,2022-07,0.10344027303754266
102900005125808,2023-01,0.19059939759036146
102900005125808,2023-02,0.16857627118644067
102900005125808,2023-05,0.161
102900005125815,2020-07,0.3175475982532751
102900005125815,2020-08,0.3095874558303887
102900005125815,2020-09,0.3228131386861314
102900005125815,2020-10,0.31086057692307695
102900005125815,2020-11,0.29268727272727274
102900005125815,2020-12,0.3110631970260223
102900005125815,2021-01,0.3200208333333333
102900005125815,2021-02,0.38172122762148336
102900005125815,2021-03,0.32015162454873647
102900005125815,2021-04,0.3343888888888889
102900005125815,2021-05,0.3066207865168539
102900005125815,2021-06,0.3162080745341615
102900005125815,2021-07,0.29885185185185187
102900005125815,2021-08,0.31248603351955306
102900005125815,2021-09,0.32210493827160497
102900005125815,2021-10,0.266
102900005125815,2022-11,0.645
102900005125815,2023-03,0.3425
102900005125815,2023-05,0.233
102900005128748,2021-08,0.074
102900005128748,2023-05,0.17525000000000002
102900011000175,2020-08,0.36308906882591097
102900011000328,2020-07,0.340298127340824
102900011000328,2020-08,0.33534786324786325
102900011000328,2020-09,0.3313275109170306
102900011000328,2020-10,0.29756537102473496
102900011000328,2020-11,0.3051902017291066
102900011000328,2020-12,0.30342074927953894
102900011000328,2021-01,0.2636415841584159
102900011000328,2021-02,0.3751156186612576
102900011000328,2021-03,0.3798385335413416
102900011000328,2021-04,0.37317599067599067
102900011000328,2021-05,0.3420032414910859
102900011000328,2021-06,0.34843481654957065
102900011000328,2021-07,0.3249509692132269
102900011000328,2021-08,0.3070032310177706
102900011000328,2021-09,0.3229313131313131
102900011000328,2021-10,0.29528076923076924
102900011000328,2021-11,0.28601079136690644
102900011000328,2021-12,0.3424888392857143
102900011000328,2022-01,0.39337913486005094
102900011000328,2022-02,0.32814910858995133
102900011000328,2022-03,0.3137847328244275
102900011000328,2022-04,0.3464053367217281
102900011000328,2022-05,0.3819134973900074
102900011000328,2022-06,0.3503656957928803
102900011000328,2022-07,0.2791467391304348
102900011000328,2022-08,0.3506447368421053
102900011000328,2022-10,0.134
102900011000328,2022-11,0.44420000000000004
102900011000328,2022-12,0.3823181818181818
102900011000328,2023-01,0.4468267419962335
102900011000328,2023-02,0.3086470588235294
102900011000328,2023-03,0.3482
102900011000328,2023-04,0.33408988764044945
102900011000328,2023-05,0.35095986984815614
102900011000328,2023-06,0.3530683994528044
102900011000335,2021-07,0.536125
102900011000335,2022-05,0.55925
102900011000335,2022-06,0.623
102900011000335,2022-07,0.509
102900011000571,2020-12,0.4382783505154639
102900011000571,2021-01,0.39167080745341615
102900011000571,2021-02,0.38373863636363637
102900011000571,2021-03,0.46725684931506845
102900011000571,2021-11,0.4032465753424658
102900011000571,2021-12,0.3954137931034483
102900011000571,2022-04,0.526
102900011000571,2022-06,0.6348750000000001
102900011000571,2022-07,0.6465
102900011000571,2022-11,0.7318352941176471
102900011000571,2022-12,0.8217717391304348
102900011000571,2023-02,0.3758172043010753
102900011000632,2021-01,0.5720588235294117
102900011000632,2021-02,0.7304999999999999
102900011000632,2021-10,0.798
102900011000632,2022-03,0.30066666666666664
102900011000632,2022-04,0.365
102900011000861,2021-07,0.10800699300699301
102900011000861,2022-07,0.11884615384615384
102900011001219,2020-07,0.3093559322033898
102900011001219,2020-08,0.35209756097560974
102900011001219,2020-09,0.3451
102900011001219,2020-10,0.32084126984126987
102900011001219,2020-11,0.30233333333333334
102900011001219,2020-12,0.36867857142857147
102900011001219,2021-01,0.36879999999999996
102900011001219,2021-02,0.30454285714285717
102900011001219,2021-03,0.207
102900011001219,2021-05,0.269
102900011001219,2021-06,0.17
102900011001219,2021-07,0.265
102900011001219,2021-08,0.2582666666666667
102900011001219,2021-09,0.2357714285714286
102900011001219,2021-10,0.16099999999999998
102900011001219,2021-12,0.158
102900011001219,2022-01,0.280125
102900011001219,2022-02,0.254
102900011001219,2022-03,0.245
102900011001219,2022-04,0.237
102900011001219,2023-01,0.2977916666666667
102900011001219,2023-02,0.38849999999999996
102900011001219,2023-03,0.4053809523809524
102900011001219,2023-04,0.25866666666666666
102900011001561,2020-07,1.3333333333333333
102900011001561,2020-08,2.1153846153846154
102900011001561,2021-07,1.875
102900011001561,2022-06,1.76
102900011001561,2022-07,4.2727272727272725
102900011001561,2022-08,5.197860962566845
102900011001561,2022-09,5.363636363636363
102900011001691,2020-08,0.3606923076923077
102900011001691,2021-07,0.4766956521739131
102900011001691,2022-05,0.346
102900011001691,2022-06,0.33741379310344827
102900011001691,2022-07,0.39181632653061227
102900011001691,2022-08,0.4422676056338028
102900011001691,2023-05,0.4016363636363636
102900011001691,2023-06,0.41483783783783784
102900011001806,2020-07,1.0
102900011001806,2020-08,1.0
102900011001806,2020-09,1.0
102900011001806,2020-10,1.0
102900011001806,2020-11,1.0
102900011001806,2020-12,1.0
102900011001806,2021-01,1.0
102900011001806,2021-02,1.0
102900011001806,2021-03,1.0
102900011001806,2021-04,1.0
102900011001806,2021-05,1.0
102900011001806,2021-06,1.0
102900011001806,2021-07,1.0
102900011001806,2021-08,1.0
102900011001806,2021-09,1.0
102900011001806,2021-10,1.0
102900011001806,2021-12,1.0
102900011001806,2022-01,1.0
102900011001806,2022-02,1.0
102900011001806,2022-07,1.0
102900011001806,2022-08,1.0
102900011001806,2023-01,1.0
102900011001813,2020-07,1.0
102900011001813,2020-08,1.0
102900011001813,2020-09,1.0
102900011001813,2020-10,1.347394540942928
102900011001813,2020-11,1.024110218140069
102900011001813,2020-12,1.0028818443804035
102900011001813,2021-05,1.0
102900011001813,2021-07,1.0
102900011001813,2021-08,1.0
102900011001813,2021-09,1.0
102900011002414,2021-02,0.22975
102900011002414,2021-03,0.23528947368421055
102900011002414,2021-04,0.26873684210526316
102900011002414,2021-05,0.24794594594594593
102900011002414,2021-06,0.25866666666666666
102900011002414,2021-07,0.26956410256410257
102900011002414,2021-08,0.213
102900011002414,2023-03,0.29675
102900011006689,2020-07,0.37288489208633097
102900011006689,2020-08,0.38854330708661416
102900011006689,2020-09,0.39012396694214874
102900011006689,2020-10,0.3676056338028169
102900011006689,2020-11,0.376671875
102900011006689,2020-12,0.3255208333333333
102900011006689,2021-01,0.3616264367816092
102900011006689,2021-02,0.3645901639344262
102900011006689,2021-03,0.34661875000000003
102900011006689,2021-04,0.37206191950464396
102900011006689,2021-05,0.3739815384615385
102900011006689,2021-06,0.3549672131147541
102900011006689,2021-07,0.3142258064516129
102900011006689,2021-09,0.31540585774058577
102900011006689,2021-10,0.35649856733524354
102900011006689,2021-11,0.33874308300395256
102900011006689,2021-12,0.37969795918367344
102900011006689,2022-01,0.3884444444444445
102900011006689,2022-02,0.3815775401069519
102900011006689,2022-03,0.3705823293172691
102900011006689,2022-04,0.411958024691358
102900011006689,2022-05,0.45741899441340783
102900011006948,2020-07,0.35043243243243244
102900011006948,2020-08,0.3580714285714286
102900011006948,2021-06,0.5202125984251968
102900011006948,2021-07,0.4778315789473684
102900011006948,2021-08,0.4589906103286385
102900011006948,2021-09,0.475431654676259
102900011006948,2021-10,0.46188235294117647
102900011006948,2021-11,0.37903030303030305
102900011006948,2022-01,0.45799999999999996
102900011006948,2022-02,0.38839999999999997
102900011006948,2022-03,0.5661379310344827
102900011006948,2022-04,0.49208163265306126
102900011006948,2022-05,0.5161950000000001
102900011006948,2022-06,0.4077662337662338
102900011006948,2022-09,0.44537096774193546
102900011006948,2022-10,0.442
102900011006948,2022-12,0.301
102900011006948,2023-02,0.45130000000000003
102900011006948,2023-03,0.4915833333333333
102900011006948,2023-06,0.48588000000000003
102900011006955,2021-06,0.2408888888888889
102900011006955,2021-07,0.36450000000000005
102900011006955,2022-02,0.318
102900011007044,2020-09,1.0
102900011007044,2020-12,1.0
102900011007044,2021-01,1.0
102900011007044,2021-02,1.0
102900011007044,2021-09,1.0
102900011007044,2022-01,1.0
102900011007044,2022-02,1.0
102900011007044,2022-05,1.0
102900011007044,2022-08,1.0
102900011007044,2022-09,1.0
102900011007044,2022-11,1.0
102900011007044,2022-12,1.0
102900011007044,2023-01,1.0
102900011007044,2023-02,1.0
102900011007044,2023-03,1.0
102900011007044,2023-04,1.0
102900011007464,2020-09,0.13071428571428573
102900011007464,2021-02,0.14450000000000002
102900011007464,2021-03,0.16797619047619047
102900011007464,2021-04,0.15341666666666667
102900011007464,2021-06,0.15911764705882353
102900011007464,2021-07,0.169
102900011007464,2022-02,0.16175
102900011007464,2022-03,0.10786666666666665
102900011007464,2022-04,0.0812
102900011007464,2022-05,0.14716666666666667
102900011007464,2022-06,0.08366666666666667
102900011007464,2022-07,0.1765
102900011007464,2022-11,0.16549999999999998
102900011007464,2022-12,0.14521052631578946
102900011007464,2023-01,0.07439285714285715
102900011007464,2023-02,0.08792307692307692
102900011007464,2023-03,0.0753
102900011007464,2023-06,0.15455555555555556
102900011007471,2021-03,0.10725
102900011007471,2021-04,0.09196296296296297
102900011007471,2022-12,0.1418
102900011007471,2023-02,0.10629999999999999
102900011007471,2023-03,0.139
102900011007471,2023-04,0.11433333333333333
102900011007471,2023-05,0.11233333333333334
102900011007471,2023-06,0.1505
102900011007495,2021-08,0.056
102900011007495,2022-02,0.1564
102900011007495,2022-03,0.1115
102900011007495,2022-04,0.09849999999999999
102900011007495,2022-05,0.131
102900011007495,2023-02,0.16899999999999998
102900011007495,2023-03,0.16716666666666666
102900011007495,2023-04,0.178
102900011007969,2020-08,0.2625
102900011007969,2020-09,0.19025
102900011007969,2022-05,0.279
102900011007969,2022-06,0.2964242424242424
102900011007969,2023-04,0.24420000000000003
102900011007969,2023-05,0.28825185185185187
102900011007969,2023-06,0.29167961165048545
102900011008133,2021-02,0.3846363636363636
102900011008133,2021-06,0.4897777777777778
102900011008133,2022-03,0.4084
102900011008133,2022-04,0.32571428571428573
102900011008133,2023-02,0.422
102900011008164,2020-08,0.3760576923076923
102900011008164,2020-09,0.4141636029411765
102900011008164,2020-10,0.41357196261682244
102900011008164,2020-11,0.4574132420091324
102900011008164,2020-12,0.4754161849710983
102900011008164,2021-01,0.4590346534653465
102900011008164,2021-02,0.44810979228486647
102900011008164,2021-03,0.4141137931034483
102900011008164,2021-04,0.4437315175097276
102900011008164,2021-05,0.4466294326241135
102900011008164,2021-06,0.4160661577608143
102900011008164,2021-07,0.3934520833333333
102900011008164,2021-08,0.41821180555555554
102900011008164,2021-09,0.40685620915032683
102900011008164,2021-10,0.4027844574780059
102900011008164,2021-11,0.44000352112676056
102900011008164,2021-12,0.4576510791366907
102900011008164,2022-01,0.47858847736625515
102900011008164,2022-02,0.4235443037974683
102900011008164,2022-03,0.4436230598669623
102900011008164,2022-04,0.4505717131474104
102900011008164,2022-05,0.4440301003344481
102900011008164,2022-06,0.4617398496240602
102900011008164,2022-07,0.407049815498155
102900011008164,2022-08,0.38095238095238093
102900011008164,2022-09,0.47886666666666666
102900011008164,2022-10,0.4428444444444445
102900011008164,2022-11,0.4721463414634146
102900011008164,2022-12,0.4076805555555556
102900011008164,2023-01,0.4510389294403893
102900011008164,2023-02,0.42459701492537316
102900011008164,2023-03,0.35693103448275865
102900011008164,2023-04,0.4775766423357664
102900011008164,2023-05,0.47635140562249
102900011008164,2023-06,0.4712695417789758
102900011008485,2021-06,0.5843
102900011008485,2021-07,0.4677049180327869
102900011008485,2021-08,0.5467368421052632
102900011008485,2023-02,0.34550000000000003
102900011008485,2023-03,0.444
102900011008485,2023-04,0.115
102900011008492,2021-07,0.623
102900011008515,2021-03,0.23891666666666667
102900011008515,2022-02,0.122
102900011008515,2022-03,0.18418181818181817
102900011008515,2022-04,0.184
102900011008515,2023-02,0.18025
102900011008515,2023-03,0.18254545454545454
102900011008515,2023-04,0.16333333333333333
102900011008522,2020-07,0.6279848484848485
102900011008522,2020-08,0.8141591263650546
102900011008522,2020-09,0.825437047756874
102900011008522,2020-10,0.9109761388286334
102900011008522,2020-11,0.8576546391752576
102900011008522,2020-12,0.8403464566929134
102900011008522,2021-01,0.7849756097560975
102900011008522,2021-07,0.7345193370165747
102900011008522,2021-08,0.9136258596973865
102900011008522,2021-09,0.7924695652173913
102900011008522,2021-10,0.8120828729281767
102900011008522,2021-11,0.522
102900011008522,2022-08,0.812622754491018
102900011008522,2022-09,0.7668352941176471
102900011008522,2022-10,0.7719324324324324
102900011008577,2020-11,1.0
102900011008577,2021-04,1.0
102900011008577,2022-03,1.0
102900011008676,2020-11,0.44163636363636366
102900011008676,2020-12,0.43
102900011008676,2021-02,0.41425
102900011008676,2023-02,0.094
102900011009246,2020-08,0.2096164383561644
102900011009246,2020-09,0.22867647058823531
102900011009246,2020-10,0.22060869565217392
102900011009246,2020-11,0.251640625
102900011009246,2020-12,0.24011111111111114
102900011009246,2021-01,0.25727272727272726
102900011009246,2021-02,0.2841913043478261
102900011009246,2021-03,0.25664220183486236
102900011009246,2021-04,0.28215999999999997
102900011009246,2021-05,0.292
102900011009246,2021-06,0.2532105263157895
102900011009246,2021-07,0.26366666666666666
102900011009277,2020-12,0.5808471673254282
102900011009277,2021-01,0.7034570135746606
102900011009277,2021-02,0.6626965174129353
102900011009277,2021-11,0.45180701754385966
102900011009277,2021-12,0.4904390243902439
102900011009277,2022-01,0.5322045454545455
102900011009277,2022-02,0.5251052631578947
102900011009277,2022-12,0.5623461538461538
102900011009277,2023-01,0.5960860927152317
102900011009277,2023-02,0.5389101123595506
102900011009444,2020-07,0.56
102900011009444,2020-08,0.5060034423407918
102900011009444,2020-10,0.49064307692307696
102900011009444,2020-11,0.4247714285714286
102900011009444,2020-12,0.3902857142857143
102900011009444,2021-02,0.46921621621621623
102900011009444,2021-03,0.3928717948717949
102900011009444,2021-04,0.41714697406340057
102900011009444,2021-05,0.4401746031746032
102900011009444,2021-06,0.46214285714285713
102900011009772,2022-02,0.415
102900011009970,2020-07,0.5088541666666666
102900011009970,2020-08,0.4861244979919679
102900011009970,2020-09,0.5263026706231454
102900011009970,2020-10,0.5837938060309699
102900011009970,2020-11,0.5836611418047882
102900011009970,2020-12,0.5657129724208375
102900011009970,2021-01,0.4831619202603743
102900011009970,2021-02,0.5457349703640982
102900011009970,2021-03,0.5640284142988085
102900011009970,2021-04,0.5703532658693653
102900011009970,2021-05,0.5550572171651496
102900011009970,2021-06,0.5807113276492083
102900011009970,2021-07,0.6055193075898802
102900011009970,2021-08,0.611952380952381
102900011009970,2021-09,0.5495
102900011009970,2021-10,6.496
102900011009970,2021-11,0.351
102900011009970,2021-12,0.7099125
102900011009970,2022-01,0.5685
102900011009970,2022-02,0.7958799999999999
102900011009970,2022-03,0.706
102900011009970,2022-04,0.587
102900011009970,2022-09,0.5348205128205128
102900011009970,2023-01,0.6958869565217392
102900011009970,2023-02,0.5681428571428572
102900011009970,2023-06,0.5416923076923077
102900011010563,2020-09,0.17357142857142857
102900011010891,2020-08,0.5334
102900011010891,2021-04,0.6371
102900011010891,2021-11,0.5812352941176471
102900011010891,2021-12,0.765
102900011010891,2022-09,0.6378571428571428
102900011010891,2022-12,0.5482131147540984
102900011010891,2023-01,0.5867704918032787
102900011010891,2023-02,0.47196
102900011010891,2023-03,0.4296470588235294
102900011010891,2023-04,0.49563934426229506
102900011010891,2023-05,0.6280077519379845
102900011010891,2023-06,0.6545263157894737
102900011011058,2022-08,0.223
102900011011546,2020-07,1.0
102900011011546,2020-08,1.0
102900011011546,2020-09,1.0
102900011011546,2020-10,1.0044247787610618
102900011011546,2020-11,1.0222772277227723
102900011011546,2020-12,1.0
102900011011546,2021-03,1.0
102900011011546,2021-04,1.0
102900011011546,2021-05,1.0
102900011011546,2021-06,1.0
102900011011546,2021-07,1.0
102900011011546,2021-08,1.0
102900011011546,2021-09,1.0
102900011011669,2020-11,0.22714285714285712
102900011011669,2020-12,0.22392307692307692
102900011011669,2021-02,0.25725
102900011012482,2022-11,1.0
102900011012482,2022-12,1.0
102900011012482,2023-01,1.0
102900011012482,2023-02,1.0
102900011012871,2020-09,0.17099999999999999
102900011012871,2020-10,0.12733333333333333
102900011012871,2020-11,0.154
102900011012871,2020-12,0.17877272727272728
102900011012994,2020-08,1.0
102900011012994,2020-09,1.0
102900011012994,2020-10,1.0057803468208093
102900011012994,2020-11,1.0
102900011012994,2020-12,1.0
102900011012994,2021-01,1.0
102900011012994,2021-02,1.0
102900011012994,2021-03,1.0
102900011012994,2021-04,1.0
102900011012994,2021-05,1.0
102900011012994,2021-06,1.0
102900011012994,2021-07,1.0
102900011012994,2021-08,1.0
102900011012994,2021-09,1.0
102900011012994,2022-01,1.0
102900011012994,2022-02,1.0
102900011012994,2023-01,1.02
102900011012994,2023-02,1.0
102900011013274,2020-08,1.0
102900011013274,2020-09,1.0
102900011013274,2020-10,1.0
102900011013274,2020-11,1.0
102900011013274,2020-12,1.0
102900011013274,2021-01,1.0
102900011013274,2021-02,1.0257510729613735
102900011013274,2021-03,1.0
102900011013274,2021-04,1.0
102900011013274,2021-05,1.0
102900011013274,2021-06,1.0
102900011013274,2021-07,1.0
102900011013274,2021-08,1.0
102900011013274,2021-09,1.0
102900011013274,2021-10,1.0
102900011013274,2022-01,1.0
102900011013274,2022-02,1.0
102900011013274,2022-03,1.0
102900011013274,2022-04,1.0
102900011013274,2022-05,1.0
102900011013274,2022-06,1.0
102900011013274,2022-07,1.0
102900011013274,2022-08,1.0
102900011013274,2022-09,1.0
102900011013274,2022-10,1.0
102900011013274,2022-11,1.0
102900011013274,2022-12,1.0
102900011013274,2023-01,1.0
102900011013274,2023-02,1.0
102900011013274,2023-03,1.0
102900011013274,2023-04,1.0
102900011013274,2023-05,1.0
102900011013274,2023-06,1.0
102900011015384,2022-03,0.11836
102900011015384,2022-04,0.14366666666666666
102900011015391,2021-03,0.47150000000000003
102900011016701,2020-09,0.37966666666666665
102900011016701,2021-02,0.45326697221426526
102900011016701,2021-03,0.4024185130477597
102900011016701,2021-04,0.3890584756898818
102900011016701,2021-05,0.411327075388677
102900011016701,2021-06,0.4042765793528505
102900011016701,2021-07,0.3589399323181049
102900011016701,2021-08,0.3656441085537616
102900011016701,2021-09,0.357075750357313
102900011016701,2021-10,0.4100524679362612
102900011016701,2021-11,0.34606807351940094
102900011016701,2021-12,0.3635088582677165
102900011016701,2022-01,0.49137712817218115
102900011016701,2022-02,0.5444747774480713
102900011016701,2022-03,0.3473660911907924
102900011016701,2022-04,0.3884280753968254
102900011016701,2022-05,0.389624200913242
102900011016701,2022-06,0.38397345132743366
102900011016701,2022-07,0.330309936189608
102900011016701,2022-08,0.4181788592684439
102900011016701,2022-09,0.3500894839973873
102900011016701,2022-10,0.399656890459364
102900011016701,2022-11,0.48951415277239246
102900011016701,2022-12,0.47319042920572274
102900011016701,2023-01,0.46272127417519904
102900011016701,2023-02,0.3763757894736842
102900011016701,2023-03,0.3634844835572024
102900011016701,2023-04,0.38825013989927254
102900011016701,2023-05,0.37533608360836085
102900011016701,2023-06,0.38438536953242836
102900011016909,2020-09,0.4343333333333333
102900011016909,2020-11,0.6174000000000001
102900011016909,2020-12,0.4776739130434782
102900011016909,2021-02,0.6420357142857143
102900011016909,2021-07,0.638625
102900011016909,2022-05,0.4908571428571428
102900011016909,2022-06,0.5105
102900011016909,2022-07,0.521
102900011018095,2020-10,1.0
102900011018095,2020-11,1.0
102900011018095,2020-12,1.0
102900011018095,2021-01,1.0
102900011018095,2021-02,1.0
102900011018095,2021-03,1.0
102900011018132,2020-11,0.7390869565217391
102900011018132,2020-12,0.7117297297297297
102900011018132,2021-01,0.5603333333333333
102900011018132,2023-06,0.40650000000000003
102900011021644,2021-12,1.0
102900011021644,2022-01,1.0
102900011021675,2023-04,0.39799999999999996
102900011021699,2020-12,0.25933333333333336
102900011021699,2021-10,0.317
102900011021699,2021-11,0.24390909090909088
102900011021842,2020-12,1.0
102900011021842,2021-01,1.0
102900011021842,2021-02,1.0170542635658915
102900011021842,2021-03,1.0
102900011021842,2021-04,1.0
102900011021842,2021-09,1.0
102900011021842,2021-10,1.0
102900011021842,2021-11,1.0
102900011021842,2022-01,1.006472491909385
102900011021842,2022-02,1.0
102900011021842,2022-03,1.0
102900011021842,2022-04,1.0
102900011021842,2022-08,1.0
102900011021842,2022-09,1.0027322404371584
102900011021842,2022-10,1.0
102900011021842,2022-11,1.0021978021978022
102900011021842,2022-12,1.0017574692442883
102900011021842,2023-01,1.0529891304347827
102900011021842,2023-02,1.0
102900011021842,2023-03,1.0304878048780488
102900011021842,2023-04,1.0
102900011022030,2021-01,1.0
102900011022030,2021-02,1.0218579234972678
102900011022030,2021-03,1.0
102900011022030,2021-04,1.0
102900011022030,2021-05,1.0
102900011022030,2021-06,1.0
102900011022030,2021-07,1.0
102900011022030,2021-08,1.0
102900011022764,2021-01,0.41176666666666667
102900011022764,2021-02,0.468141975308642
102900011022764,2021-06,0.4285151515151515
102900011022764,2021-07,0.4609673590504451
102900011022764,2021-08,0.4632636484687084
102900011022764,2021-09,0.43669461077844307
102900011022764,2021-10,0.411417445482866
102900011022764,2021-11,0.39336879432624117
102900011022764,2021-12,0.38926428571428573
102900011022764,2022-01,0.4386256983240223
102900011022764,2022-02,0.4195114942528736
102900011022764,2022-03,0.370463829787234
102900011022764,2022-04,0.37444409937888196
102900011022764,2022-05,0.3950693333333334
102900011022764,2022-06,0.40597098214285715
102900011022764,2022-07,0.42611333333333334
102900011022764,2022-08,0.4255363881401617
102900011022764,2022-09,0.3668
102900011022764,2023-05,0.3967076923076923
102900011022764,2023-06,0.39357894736842103
102900011022849,2021-02,0.44176744186046507
102900011022849,2022-09,0.4780415430267062
102900011022849,2022-10,0.5454921465968586
102900011022849,2022-11,0.6432949002217294
102900011022849,2022-12,0.6355765765765766
102900011022849,2023-01,0.624245283018868
102900011022924,2021-03,0.49631147540983606
102900011023075,2021-03,1.0
102900011023464,2021-08,0.35007246376811596
102900011023464,2021-09,0.3793840579710145
102900011023464,2021-10,0.3898110918544194
102900011023464,2021-11,0.39342473118279575
102900011023464,2021-12,0.4070078125
102900011023464,2022-01,0.43491872791519437
102900011023464,2022-02,0.42911728395061727
102900011023464,2022-03,0.43277704194260486
102900011023464,2022-04,0.448689378757515
102900011023464,2022-05,0.43451090909090906
102900011023464,2022-06,0.4252119914346895
102900011023464,2022-07,0.3665498938428875
102900011023464,2022-08,0.32471428571428573
102900011023464,2022-09,0.3177
102900011023464,2022-10,0.4891632653061225
102900011023464,2022-11,0.4665841584158416
102900011023464,2022-12,0.43028260869565216
102900011023464,2023-01,0.3451227436823105
102900011023464,2023-02,0.3886185897435897
102900011023464,2023-03,0.42027840909090913
102900011023464,2023-04,0.4505208681135226
102900011023464,2023-05,0.42985439560439564
102900011023464,2023-06,0.4097958333333333
102900011023976,2023-02,0.704183908045977
102900011024010,2021-05,1.105263157894737
102900011026502,2021-06,0.14363636363636365
102900011026618,2022-06,0.318
102900011026618,2023-06,0.39504
102900011026793,2021-07,1.0
102900011026793,2021-09,1.0
102900011026793,2021-10,1.0
102900011027462,2021-07,0.4104634146341464
102900011027479,2021-07,0.2607945205479452
102900011027479,2021-08,0.2579652777777778
102900011027479,2021-09,0.24714999999999998
102900011027479,2021-10,0.24557142857142858
102900011027479,2021-12,0.21155555555555555
102900011027479,2022-01,0.366
102900011027479,2022-07,0.20761052631578947
102900011027479,2022-11,0.28359999999999996
102900011027479,2023-01,0.27949305555555554
102900011027479,2023-04,0.26608333333333334
102900011027479,2023-05,0.128
102900011027615,2021-07,0.4034285714285714
102900011028407,2021-09,0.28258490566037736
102900011028407,2021-10,0.26353333333333334
102900011029176,2021-10,0.2685884476534296
102900011029176,2021-11,0.25623809523809526
102900011029176,2021-12,0.2649047619047619
102900011029176,2022-01,0.2365
102900011029275,2021-12,0.25057142857142856
102900011029299,2022-06,0.23220000000000002
102900011029299,2023-01,0.23904347826086958
102900011029305,2022-02,0.2527142857142857
102900011029305,2022-07,0.192625
102900011029305,2023-01,0.23397826086956522
102900011029688,2021-11,0.7214999999999999
102900011030042,2021-12,1.0
102900011030042,2022-01,1.0
102900011030042,2022-02,1.0
102900011030059,2021-12,1.0
102900011030059,2022-01,1.0
102900011030059,2022-02,1.0
102900011030059,2022-03,1.0
102900011030059,2022-04,1.0
102900011030059,2022-06,1.0
102900011030059,2022-07,1.0
102900011030059,2022-08,1.0
102900011030059,2022-09,1.0
102900011030059,2022-10,1.0052117263843647
102900011030059,2022-11,1.001310615989515
102900011030059,2022-12,1.0050314465408805
102900011030059,2023-01,1.0
102900011030059,2023-02,1.0
102900011030059,2023-03,1.0043763676148796
102900011030059,2023-04,1.0
102900011030059,2023-05,1.0
102900011030059,2023-06,1.0
102900011030097,2021-12,1.0
102900011030097,2022-01,1.0
102900011030097,2022-02,1.0
102900011030097,2022-03,1.0
102900011030097,2022-04,1.0
102900011030097,2022-07,1.0
102900011030097,2022-08,1.000981354268891
102900011030097,2022-09,1.0
102900011030097,2022-10,1.0
102900011030097,2022-11,1.0
102900011030097,2022-12,1.0
102900011030097,2023-01,1.0
102900011030097,2023-02,1.0
102900011030097,2023-03,1.0
102900011030097,2023-04,1.0
102900011030097,2023-05,1.0
102900011030097,2023-06,1.0
102900011030103,2021-12,1.03125
102900011030103,2022-01,1.0
102900011030103,2022-02,1.0
102900011030103,2022-03,1.0
102900011030110,2021-12,1.0
102900011030110,2022-01,1.0
102900011030110,2022-02,1.0
102900011030110,2022-03,1.0
102900011030110,2022-04,1.0
102900011030110,2022-06,1.0
102900011030110,2022-07,1.0
102900011030110,2022-08,1.0
102900011030110,2022-09,1.0
102900011030110,2022-10,1.0
102900011030110,2022-11,1.0
102900011030110,2023-01,1.0
102900011030110,2023-02,1.0
102900011030110,2023-03,1.0
102900011030110,2023-04,1.0
102900011030110,2023-05,1.0
102900011030110,2023-06,1.0
102900011030134,2021-12,1.0
102900011030134,2022-01,1.0
102900011030134,2022-02,1.0
102900011030134,2022-03,1.0
102900011030134,2022-04,1.0
102900011030134,2022-06,1.0
102900011030134,2022-07,1.0
102900011030134,2022-08,1.0
102900011030134,2022-09,1.0
102900011030134,2022-10,1.0
102900011030134,2022-11,1.0
102900011030134,2022-12,1.0
102900011030134,2023-01,1.0
102900011030134,2023-02,1.0
102900011030134,2023-03,1.0
102900011030141,2021-12,1.0
102900011030141,2022-01,1.0
102900011030141,2022-02,1.0
102900011030141,2022-03,1.0
102900011030141,2022-04,1.0
102900011030141,2022-07,1.0
102900011030141,2022-08,1.0
102900011030141,2022-09,1.0
102900011030141,2022-10,1.0
102900011030141,2022-11,1.0
102900011030141,2022-12,1.0045871559633028
102900011030141,2023-01,1.0
102900011030141,2023-02,1.0
102900011030158,2021-12,1.0
102900011030158,2022-01,1.0
102900011030158,2022-02,1.0
102900011030561,2021-12,1.0
102900011030561,2022-01,1.0
102900011030608,2021-12,1.0
102900011030608,2022-02,1.0
102900011030608,2022-03,1.0
102900011030608,2022-04,1.0
102900011030608,2022-05,1.0
102900011030608,2022-07,1.0
102900011030608,2022-08,1.0
102900011030608,2023-02,1.0
102900011030615,2021-12,1.0
102900011030615,2022-01,1.0
102900011030622,2021-12,1.0
102900011030639,2022-01,1.0
102900011030905,2022-08,1.0
102900011030905,2022-09,1.0
102900011030905,2022-10,1.0
102900011030905,2022-11,1.0
102900011030905,2022-12,1.0
102900011030905,2023-01,1.0
102900011030905,2023-02,1.0
102900011030905,2023-03,1.0
102900011030905,2023-04,1.0
102900011030912,2022-02,1.0
102900011030912,2022-06,1.0
102900011030912,2022-07,1.0
102900011030912,2022-08,1.0
102900011030912,2022-09,1.0
102900011030912,2022-10,1.0
102900011030912,2022-11,1.0
102900011030912,2022-12,1.0
102900011030912,2023-01,1.0
102900011030929,2022-07,1.0
102900011030929,2022-08,1.0
102900011030929,2022-09,1.0
102900011030929,2022-10,1.0
102900011030929,2022-11,1.0
102900011030929,2022-12,1.0
102900011030929,2023-01,1.0
102900011030929,2023-02,1.0
102900011031100,2021-12,1.0
102900011031100,2022-01,1.0
102900011031100,2022-02,1.0
102900011031100,2022-03,1.0
102900011031100,2022-04,1.0
102900011031100,2022-06,1.0
102900011031100,2022-07,1.0
102900011031100,2022-08,1.0
102900011031100,2022-09,1.0
102900011031100,2022-10,1.0
102900011031100,2022-11,1.0
102900011031100,2022-12,1.0
102900011031100,2023-01,1.0
102900011031100,2023-02,1.0
102900011031100,2023-03,1.0
102900011031100,2023-04,1.0068027210884354
102900011031100,2023-05,1.0
102900011031100,2023-06,1.0
102900011031216,2022-12,1.0
102900011031216,2023-02,1.0
102900011031216,2023-03,1.0
102900011031216,2023-04,1.0
102900011031216,2023-05,1.0
102900011031582,2022-01,1.0
102900011031582,2022-02,1.0
102900011031582,2022-03,1.0
102900011031582,2022-04,1.0
102900011031582,2022-07,1.0
102900011031582,2022-08,1.0
102900011031582,2022-09,1.0
102900011031582,2022-10,1.0
102900011031582,2022-11,1.0
102900011031582,2023-01,1.0
102900011031599,2022-01,1.0
102900011031599,2022-02,1.0
102900011031735,2022-01,1.0
102900011031735,2022-02,1.0
102900011031742,2022-01,1.0
102900011031759,2022-01,1.0
102900011031759,2022-02,1.0
102900011031841,2022-02,1.0
102900011031841,2022-09,1.0
102900011031841,2022-11,1.0
102900011031858,2022-08,1.0
102900011031926,2022-01,1.0
102900011031926,2022-02,1.0
102900011031926,2022-10,1.0
102900011031926,2022-11,1.0
102900011031926,2022-12,1.0
102900011031926,2023-01,1.0
102900011031926,2023-02,1.0
102900011031926,2023-03,1.0
102900011031926,2023-04,1.0
102900011031926,2023-05,1.0
102900011031926,2023-06,1.0
102900011031995,2022-01,1.0
102900011031995,2022-02,1.0
102900011031995,2022-07,1.0
102900011031995,2022-08,1.0
102900011031995,2022-09,1.0
102900011031995,2022-10,1.0
102900011031995,2022-11,1.0
102900011032022,2022-01,1.0
102900011032022,2022-02,1.0
102900011032022,2022-03,1.0
102900011032022,2022-04,1.0
102900011032022,2022-05,1.0
102900011032022,2022-06,1.0
102900011032022,2022-07,1.0134228187919463
102900011032022,2022-08,1.0016077170418007
102900011032022,2022-09,1.0
102900011032022,2022-10,1.0
102900011032022,2022-11,1.0
102900011032022,2022-12,1.0
102900011032022,2023-01,1.0
102900011032022,2023-02,1.0
102900011032022,2023-03,1.0
102900011032022,2023-04,1.0
102900011032022,2023-05,1.0
102900011032022,2023-06,1.0
102900011032114,2022-02,1.0
102900011032176,2022-02,1.0
102900011032176,2022-03,1.0
102900011032176,2022-04,1.0
102900011032176,2022-06,1.0
102900011032176,2022-07,1.0
102900011032206,2022-02,1.0
102900011032206,2022-03,1.0
102900011032206,2022-04,1.0
102900011032206,2022-06,1.0
102900011032206,2022-07,1.0
102900011032206,2022-08,1.0132450331125828
102900011032206,2022-09,1.0
102900011032213,2022-02,1.0
102900011032213,2022-03,1.0
102900011032213,2022-04,1.0
102900011032213,2022-07,1.0
102900011032213,2022-08,1.0
102900011032213,2022-09,1.0
102900011032213,2022-10,1.0
102900011032213,2022-11,1.0
102900011032213,2022-12,1.0
102900011032213,2023-01,1.0
102900011032220,2022-02,1.0
102900011032220,2022-03,1.0
102900011032220,2022-04,1.0
102900011032220,2022-06,1.0
102900011032220,2022-07,1.0
102900011032220,2022-08,1.0
102900011032237,2022-02,1.0
102900011032237,2022-03,1.0
102900011032237,2022-04,1.0
102900011032237,2022-05,1.0
102900011032237,2022-07,1.0
102900011032237,2022-08,1.0
102900011032237,2022-09,1.0
102900011032237,2022-10,1.0
102900011032237,2022-11,1.0
102900011032237,2022-12,1.0
102900011032237,2023-01,1.0
102900011032237,2023-02,1.0
102900011032237,2023-03,1.0
102900011032237,2023-04,1.0
102900011032237,2023-05,1.0
102900011032237,2023-06,1.0
102900011032244,2022-02,1.0
102900011032244,2022-03,1.0
102900011032244,2022-04,1.0
102900011032244,2022-07,1.0
102900011032244,2022-08,1.0
102900011032244,2022-09,1.0
102900011032244,2022-10,1.0
102900011032244,2022-11,1.0
102900011032244,2022-12,1.0
102900011032244,2023-01,1.0
102900011032244,2023-02,1.010752688172043
102900011032244,2023-03,1.0
102900011032251,2022-02,1.0
102900011032251,2022-03,1.0
102900011032251,2022-04,1.0
102900011032251,2022-07,1.0
102900011032251,2022-08,1.0
102900011032251,2022-09,1.0
102900011032251,2022-10,1.0
102900011032251,2022-11,1.0
102900011032251,2022-12,1.0
102900011032251,2023-01,1.0
102900011032251,2023-02,1.0
102900011032251,2023-03,1.0
102900011032251,2023-04,1.0
102900011032251,2023-05,1.0
102900011032251,2023-06,1.0
102900011032282,2022-01,1.0
102900011032282,2022-02,1.0
102900011032343,2022-03,0.5181250000000001
102900011032343,2022-04,0.4332916666666667
102900011032343,2022-05,0.38633333333333336
102900011032343,2022-07,0.4202608695652174
102900011032343,2022-08,0.510775
102900011032343,2022-09,0.27233333333333337
102900011032343,2022-10,0.17922727272727274
102900011032343,2022-11,0.18699999999999997
102900011032343,2023-01,0.3923802816901409
102900011032343,2023-02,0.2959390243902439
102900011032343,2023-03,0.39984745762711865
102900011032343,2023-04,0.39132773109243696
102900011032343,2023-05,0.3841217391304348
102900011032343,2023-06,0.28852777777777777
102900011032350,2022-02,0.4305833333333333
102900011032350,2022-03,0.3798666666666667
102900011032350,2022-04,0.31910344827586207
102900011032350,2022-12,0.19038461538461537
102900011032350,2023-01,0.23001010101010103
102900011032350,2023-02,0.22476470588235292
102900011032367,2022-02,0.5419090909090909
102900011032367,2022-03,0.4722571428571429
102900011032367,2022-04,0.3879166666666667
102900011032367,2022-06,0.35475
102900011032367,2022-07,0.39905555555555555
102900011032367,2022-08,0.44803529411764703
102900011032367,2022-09,0.2739537037037037
102900011032367,2022-10,0.17610447761194029
102900011032367,2022-11,0.21023076923076922
102900011032367,2022-12,0.167
102900011032367,2023-01,0.3760898876404494
102900011032367,2023-02,0.27566666666666667
102900011032480,2023-02,0.11800000000000001
102900011032480,2023-03,0.17074999999999999
102900011032589,2022-03,0.1867777777777778
102900011032589,2022-04,0.3068709677419355
102900011032619,2022-03,0.22924999999999998
102900011032619,2022-08,0.201075
102900011032619,2022-09,0.2169896755162242
102900011032619,2022-10,0.23568249258160237
102900011032619,2022-11,0.251
102900011032619,2022-12,0.254
102900011032626,2022-03,0.32022222222222224
102900011032626,2022-04,0.3308529411764706
102900011032626,2022-05,0.358
102900011032633,2022-03,0.2797804878048781
102900011032633,2022-04,0.252125
102900011032640,2022-03,0.22627272727272726
102900011032640,2022-04,0.21656521739130435
102900011032732,2022-03,0.22984000000000002
102900011032732,2022-04,0.25416
102900011032732,2022-07,0.24377777777777776
102900011032732,2022-08,0.26036682242990655
102900011032732,2022-09,0.21511080332409974
102900011032732,2022-10,0.21350887573964497
102900011032732,2022-11,0.2214466019417476
102900011032732,2022-12,0.1997674418604651
102900011032732,2023-01,0.22026760563380282
102900011032732,2023-05,0.2385
102900011032732,2023-06,0.24982857142857143
102900011032787,2022-03,1.0
102900011032787,2022-04,1.0
102900011032787,2022-06,1.0
102900011032787,2022-07,1.0
102900011032787,2022-08,1.0015698587127158
102900011032787,2022-09,1.0
102900011032848,2022-03,1.0
102900011032848,2022-04,1.0
102900011032848,2022-07,1.0
102900011032848,2022-08,1.0
102900011032848,2022-09,1.0
102900011032848,2022-10,1.0
102900011032848,2022-11,1.0
102900011032848,2022-12,1.0
102900011032848,2023-01,1.0
102900011032848,2023-02,1.0
102900011032848,2023-03,1.0
102900011032848,2023-04,1.0
102900011032848,2023-05,1.0
102900011032848,2023-06,1.0
102900011033081,2022-03,0.4920666666666667
102900011033081,2022-04,0.70725
102900011033081,2022-05,0.641
102900011033173,2022-04,0.17466666666666666
102900011033173,2022-05,0.27235
102900011033173,2023-05,0.19008333333333335
102900011033234,2022-03,1.0
102900011033234,2022-04,1.0
102900011033234,2022-07,1.0
102900011033234,2022-08,1.0021786492374727
102900011033234,2022-09,1.0
102900011033241,2022-04,1.0
102900011033241,2022-09,1.0
102900011033531,2022-04,0.13640000000000002
102900011033562,2022-04,0.13966666666666666
102900011033586,2022-04,0.2306
102900011033906,2022-04,1.0524179104477611
102900011033906,2022-06,1.519
102900011033906,2022-07,0.8100090579710145
102900011033906,2022-08,0.9738193624557262
102900011033906,2022-09,0.9839073359073359
102900011033906,2022-10,1.046991554054054
102900011033906,2022-11,1.380594074074074
102900011033906,2022-12,1.1750045420136261
102900011033906,2023-01,0.862296627666896
102900011033906,2023-02,0.8884874551971327
102900011033913,2022-04,0.3075
102900011033920,2022-04,0.5718723404255319
102900011033920,2022-06,0.6497692307692309
102900011033920,2022-07,0.5788907721280603
102900011033920,2022-08,0.6094714003944773
102900011033920,2022-09,0.5202451456310679
102900011033920,2022-10,0.5358228279386712
102900011033920,2022-11,0.5383170254403131
102900011033920,2022-12,0.6288813559322034
102900011033920,2023-01,0.4634406779661017
102900011033920,2023-05,0.6319655172413794
102900011033920,2023-06,0.497875
102900011033937,2022-04,0.33864150943396226
102900011033937,2022-07,0.44064666666666663
102900011033937,2022-08,0.42797506925207757
102900011033937,2022-09,0.38992537313432835
102900011033937,2022-10,0.28698630136986303
102900011033937,2022-11,0.48233333333333334
102900011033937,2022-12,0.512
102900011033944,2022-04,0.30284782608695654
102900011033944,2022-07,0.22813725490196077
102900011033944,2022-08,0.2448713910761155
102900011033944,2022-09,0.25914634146341464
102900011033944,2022-10,0.256583850931677
102900011033944,2022-11,0.255153488372093
102900011033944,2022-12,0.2687202380952381
102900011033944,2023-01,0.2920495283018868
102900011033944,2023-02,0.24835454545454544
102900011033944,2023-03,0.25462929061784895
102900011033944,2023-04,0.2576417445482866
102900011033944,2023-05,0.2564955357142857
102900011033968,2022-04,0.21030000000000001
102900011033975,2022-07,0.3976153846153846
102900011033975,2022-08,0.36371882640586795
102900011033975,2022-09,0.32357971014492753
102900011033975,2022-10,0.402
102900011033975,2022-11,0.402
102900011033975,2022-12,0.383
102900011033975,2023-01,0.4291666666666667
102900011033982,2022-08,0.5028899297423888
102900011033982,2022-09,0.4336376811594203
102900011033982,2022-10,0.347
102900011033982,2023-05,0.5579999999999999
102900011033982,2023-06,0.5578000000000001
102900011033999,2022-09,0.4150833333333333
102900011034026,2022-06,0.6836486486486487
102900011034026,2022-07,0.5785589353612167
102900011034026,2022-08,0.5475027027027026
102900011034026,2022-09,0.4654662162162162
102900011034026,2022-10,0.4452964669738863
102900011034026,2022-11,0.43391448382126346
102900011034026,2022-12,0.4062440521872602
102900011034026,2023-01,0.47619354838709677
102900011034026,2023-02,0.4327159420289855
102900011034026,2023-03,0.46043740795287186
102900011034026,2023-04,0.46781186094069527
102900011034026,2023-05,0.516800925925926
102900011034026,2023-06,0.49843502824858754
102900011034200,2022-04,1.0
102900011034200,2022-06,1.0
102900011034200,2022-07,1.0
102900011034200,2022-08,1.0
102900011034200,2022-09,1.0303030303030303
102900011034200,2022-10,1.0
102900011034217,2022-04,1.0
102900011034217,2022-07,1.0
102900011034217,2022-08,1.0
102900011034217,2022-09,1.0
102900011034224,2022-04,1.0
102900011034224,2022-07,1.0
102900011034224,2022-08,1.0
102900011034224,2022-09,1.0
102900011034224,2022-10,1.0
102900011034224,2022-11,1.0
102900011034224,2022-12,1.005128205128205
102900011034224,2023-01,1.0
102900011034224,2023-02,1.0
102900011034231,2022-04,1.0
102900011034231,2022-07,1.0
102900011034231,2022-08,1.0
102900011034231,2022-09,1.0
102900011034231,2022-10,1.0076670317634173
102900011034231,2022-11,1.0024937655860349
102900011034231,2022-12,1.0117994100294985
102900011034231,2023-01,1.0
102900011034231,2023-02,1.0
102900011034231,2023-03,1.0019474196689386
102900011034231,2023-04,1.0
102900011034231,2023-05,1.0
102900011034262,2022-06,1.0
102900011034262,2022-07,1.0
102900011034262,2022-08,1.0
102900011034316,2022-05,0.34744444444444444
102900011034323,2022-05,0.230375
102900011034323,2022-06,0.12
102900011034330,2022-05,1.0
102900011034330,2022-06,1.0
102900011034330,2022-07,1.007380073800738
102900011034330,2022-08,1.0
102900011034330,2022-09,1.0
102900011034330,2022-10,1.0
102900011034330,2022-12,1.0058997050147493
102900011034330,2023-01,1.0
102900011034330,2023-02,1.0
102900011034330,2023-03,1.0
102900011034330,2023-04,1.0
102900011034330,2023-05,1.0
102900011034330,2023-06,1.0
102900011034354,2022-05,1.0
102900011034354,2022-06,40.75
102900011034439,2022-07,1.0
102900011034439,2022-08,1.0
102900011034439,2022-09,1.0
102900011034439,2022-10,1.0
102900011034439,2022-11,1.0
102900011034439,2022-12,1.0
102900011034439,2023-01,1.0
102900011034439,2023-02,1.0
102900011034439,2023-03,1.0
102900011034439,2023-04,1.0
102900011034439,2023-05,1.0
102900011034439,2023-06,1.0
102900011034538,2023-01,1.0
102900011034538,2023-02,1.0
102900011034569,2022-07,1.0
102900011034569,2022-08,1.0
102900011034569,2022-09,1.0
102900011034705,2023-01,1.0
102900011035078,2022-08,0.2740373831775701
102900011035078,2022-09,0.22896444444444447
102900011035078,2022-10,0.21871333333333334
102900011035078,2022-11,0.23142073170731708
102900011035078,2022-12,0.2156267605633803
102900011035078,2023-01,0.23467489711934159
102900011035078,2023-02,0.24733016627078386
102900011035078,2023-03,0.26052009456264774
102900011035078,2023-04,0.2384188679245283
102900011035078,2023-05,0.2380704697986577
102900011035078,2023-06,0.2311119691119691
102900011035481,2022-09,1.0
102900011035481,2022-10,1.0
102900011035511,2022-09,0.5667320261437908
102900011035511,2022-10,0.5751205673758866
102900011035511,2022-11,0.4936923076923077
102900011035511,2022-12,0.5552043795620438
102900011035511,2023-01,0.5166136363636363
102900011035740,2023-01,1.0
102900011035740,2023-02,1.0
102900011035740,2023-03,1.0
102900011035740,2023-04,1.0
102900011035740,2023-05,1.0
102900011035740,2023-06,1.0
102900011035764,2022-10,0.6424683544303798
102900011035764,2022-11,0.6835483870967742
102900011035764,2022-12,0.762044776119403
102900011035764,2023-01,0.8066086956521739
102900011035764,2023-02,0.7794285714285714
102900011035771,2022-10,0.3677123287671233
102900011035771,2022-11,0.3327413793103448
102900011035771,2022-12,0.36540983606557376
102900011035771,2023-01,0.37557142857142856
102900011035788,2022-10,1.0
102900011035788,2022-11,1.0
102900011035788,2022-12,1.0
102900011035788,2023-01,1.0
102900011035788,2023-02,1.0
102900011035849,2023-03,0.4127619047619047
102900011035849,2023-04,0.43722222222222223
102900011035962,2022-11,0.5998947368421053
102900011036068,2022-12,1.0
102900011036242,2023-02,1.0
102900011036242,2023-03,1.0
102900011036242,2023-04,1.0
102900011036266,2023-02,1.0
102900011036686,2023-05,1.0
102900011036686,2023-06,1.0
102900051000463,2020-08,0.5364827586206896
102900051000463,2020-09,0.6163986013986014
102900051000463,2020-10,0.6465424354243542
102900051000463,2020-11,0.6680602409638554
102900051000463,2020-12,0.6718095238095239
102900051000463,2021-02,0.6006346153846154
102900051000463,2021-03,0.546728813559322
102900051000463,2021-04,0.55025
102900051000463,2021-05,0.585
102900051000463,2021-06,0.6021650485436894
102900051000463,2021-07,0.630725
102900051000463,2021-08,0.5608839285714285
102900051000463,2021-09,0.5413695652173913
102900051000463,2021-10,0.5748727272727273
102900051000463,2021-11,0.5941764705882352
102900051000463,2021-12,0.4507
102900051000463,2022-01,0.647974358974359
102900051000463,2022-02,0.6505384615384616
102900051000463,2022-03,0.4523333333333333
102900051000463,2022-04,0.45325000000000004
102900051000463,2022-05,0.6378888888888888
102900051000463,2022-06,0.567625
102900051000463,2022-07,0.632
102900051000463,2023-02,0.39927999999999997
102900051000463,2023-03,0.4220697674418605
102900051000463,2023-04,0.46788157894736837
102900051000463,2023-05,0.5841724137931034
102900051000463,2023-06,0.5874242424242424
102900051000890,2021-07,0.671
102900051000944,2020-07,0.32086363636363635
102900051000944,2020-08,0.2682857142857143
102900051000944,2020-09,0.2408
102900051000944,2021-05,5.0
102900051000944,2021-06,0.28712396694214876
102900051000944,2021-07,0.31975625
102900051000944,2021-08,0.46695454545454546
102900051000944,2022-05,0.35421311475409833
102900051000944,2022-06,0.3530352112676056
102900051000944,2022-07,0.3581700680272109
102900051000944,2022-08,0.362928
102900051000944,2023-04,0.24933333333333335
102900051000944,2023-05,0.4128816568047337
102900051000944,2023-06,0.43796896551724135
102900051004294,2020-07,0.21198956780923994
102900051004294,2020-08,0.199062416998672
102900051004294,2020-09,0.19226262626262627
102900051004294,2020-10,0.1989080291970803
102900051004294,2020-11,0.18916424116424116
102900051004294,2020-12,0.1901818181818182
102900051004294,2021-01,0.22864344262295083
102900051004294,2021-02,0.21536190476190475
102900051004294,2021-03,0.17314933333333332
102900051004294,2021-04,0.20890631808278867
102900051004294,2021-05,0.230317738791423
102900051004294,2021-06,0.21950537634408604
102900051004294,2021-07,0.1877123287671233
102900051004294,2021-08,0.20993346774193547
102900051004294,2021-09,0.19932911392405064
102900051004294,2021-10,0.20326730310262528
102900051004294,2021-11,0.18504285714285715
102900051004294,2021-12,0.20313852813852812
102900051004294,2022-01,0.2670939226519337
102900051004294,2022-02,0.21592883895131085
102900051004294,2022-03,0.18558282208588958
102900051004294,2022-04,0.21597142857142856
102900051004294,2022-05,0.22220552147239267
102900051004294,2022-06,0.21886821705426357
102900051004294,2022-07,0.1541871921182266
102900051004294,2022-12,0.306
102900051004294,2023-01,0.303394578313253
102900051006229,2021-12,0.5490526315789473
102900051006229,2022-01,0.5454666666666667
102900051009220,2021-02,0.28966666666666663
102900051009220,2021-03,0.3923488372093023
102900051009220,2021-04,0.46452380952380956
102900051009336,2020-08,0.1995
102900051009336,2020-09,0.11229787234042554
102900051009336,2020-10,0.10930555555555556
102900051009336,2020-12,0.12825
102900051009336,2021-01,0.12537500000000001
102900051009336,2021-02,0.168
102900051009336,2021-03,0.15313333333333334
102900051009336,2021-04,0.13720588235294118
102900051009336,2021-05,0.1321578947368421
102900051009336,2021-06,0.12991304347826088
102900051009336,2021-07,0.13552173913043478
102900051009336,2023-03,0.11874285714285714
102900051009336,2023-06,0.091
102900051010455,2020-07,0.5139801762114538
102900051010455,2020-08,0.5747402873869079
102900051010455,2020-09,0.5189951845906902
102900051010455,2020-10,0.5098730512249443
102900051010455,2020-11,0.4935569105691057
102900051010455,2020-12,0.5833534136546185
102900051010455,2021-01,0.6077692307692308
102900051010455,2021-02,0.60817903930131
102900051010455,2021-03,0.6181414141414141
102900051010455,2021-04,0.6096341463414634
102900051010455,2021-05,0.5859135338345866
102900051010455,2021-06,0.5407772151898734
102900051010455,2021-07,0.5430895721925134
102900051010455,2021-08,0.5617386363636364
102900051010455,2021-09,0.540496993987976
102900051010455,2021-10,0.5115234375
102900051010455,2021-11,0.5928877551020408
102900051010455,2021-12,0.5414923076923077
102900051010455,2022-01,0.6673425925925925
102900051010455,2022-02,0.6077177419354839
102900051010455,2022-03,0.6481194029850746
102900051010455,2022-04,0.6324127906976744
102900051010455,2022-05,0.6063257575757576
102900051010455,2022-06,0.6209549071618037
102900051010455,2022-07,0.5900894085281981
102900051010455,2022-08,0.6287155425219941
102900051010455,2022-09,0.44482948490230906
102900051010455,2022-10,0.5651340782122906
102900051010455,2023-02,0.4622545454545454
102900051010455,2023-03,0.4321512605042017
102900051010455,2023-04,0.5226989619377163
102900051010455,2023-05,0.4822903225806452
102900051010455,2023-06,0.549
102900051010790,2021-02,0.24071428571428571
102900051010790,2021-03,0.18269565217391304
102900051010790,2021-04,0.17765573770491802
102900051010790,2021-05,0.1536153846153846
102900051010790,2021-06,0.13744444444444442
102900051010790,2021-07,0.1465
102900051010790,2021-10,0.14723529411764708
102900051010790,2021-11,0.168
102900051010790,2021-12,0.23375
102900051010790,2022-10,0.16799999999999998
102900051010790,2023-05,0.16675
106930274220092,2020-12,1.0
106930274220092,2021-01,1.0
106930274220092,2021-02,1.0
106930274220092,2021-03,1.0
106930274220092,2021-04,1.0
106930274220092,2021-05,1.0
106930274620090,2022-12,1.0
106930274620090,2023-01,1.0026178010471205
106930274620090,2023-02,1.0
106931885000035,2020-10,1.0
106931885000035,2020-11,1.0
106931885000035,2021-04,1.0
106931885000356,2022-04,1.0
106949711300068,2020-12,1.0
106949711300068,2021-01,1.0024752475247525
106949711300068,2021-02,1.0048309178743962
106949711300068,2021-03,1.0
106949711300068,2021-04,1.0
106949711300068,2021-05,1.0
106949711300068,2021-06,1.101123595505618
106949711300068,2021-07,1.0
106949711300068,2021-08,1.0
106949711300068,2021-09,1.0
106949711300167,2021-09,1.0
106949711300167,2021-10,1.0
106949711300167,2021-11,1.0
106949711300167,2021-12,1.0014388489208632
106949711300167,2022-01,1.0
106949711300167,2022-02,1.0
106949711300167,2022-03,1.0
106949711300167,2022-04,1.0
106949711300167,2022-05,1.0
106949711300167,2022-09,1.0
106949711300259,2022-01,1.0
106949711300259,2022-02,1.0
106949711300259,2022-05,1.0
106949711300259,2022-06,1.0
106949711300259,2022-07,1.0036968576709797
106949711300259,2022-08,1.0
106949711300259,2022-09,1.0025
106949711300259,2022-10,1.0004595588235294
106949711300259,2022-11,1.0015243902439024
106949711300259,2022-12,1.0012292562999385
106949711300259,2023-01,1.001531393568147
106949711300259,2023-02,1.0
106949711300259,2023-03,1.0010224948875255
106949711300259,2023-04,1.002309468822171
106949711300259,2023-05,1.0025839793281655
106949711300259,2023-06,1.0
106956146480197,2020-07,1.0
106956146480197,2020-08,1.0
106956146480197,2020-09,1.0
106956146480197,2021-05,1.0
106956146480203,2020-07,1.0
106956146480203,2020-12,1.0
106956146480203,2021-01,1.0
106956146480203,2021-11,1.0
106956146480203,2022-01,1.0
106956146480203,2022-02,1.0
106957634300010,2022-01,1.05
106957634300010,2022-02,1.00990099009901
106957634300010,2022-03,1.0
106957634300058,2022-01,1.0
106957634300058,2022-02,1.0
106957634300058,2022-03,1.0
106958851400125,2020-12,1.0
106958851400125,2021-01,1.0
106958851400125,2021-02,1.0024813895781637
106958851400125,2021-03,1.0
106958851400125,2021-04,1.0
106958851400125,2021-05,1.0
106958851400125,2021-06,1.0
106958851400125,2021-07,1.0
106958851400125,2021-08,1.0
106958851400125,2021-09,1.0
106958851400125,2021-10,1.0
106958851400125,2021-12,1.0
106958851400125,2022-01,1.0
106971533450003,2021-10,1.0
106971533450003,2021-11,1.0
106971533450003,2021-12,1.0
106971533450003,2023-04,1.0198019801980198
106971533450003,2023-05,1.0
106971533450003,2023-06,1.0
106971533455008,2022-01,1.0
106971533455008,2022-02,1.0
106971533455008,2022-03,1.0
106971533455008,2022-04,1.0
106971533455008,2022-05,1.0
106971533455008,2022-06,1.0
106971533455008,2022-07,1.0
106971533455008,2022-08,1.0
106971533455008,2022-11,1.0
106971533455008,2023-02,1.0
106971533455008,2023-03,1.0039525691699605
106971533455008,2023-04,1.0
106971563780002,2022-05,1.0
106972776821582,2023-05,1.0
106972776821582,2023-06,1.5901639344262295
106973223300667,2021-02,1.0
106973990980123,2022-07,1.0
